{"type":"FeatureCollection","name":"Bello, Antioquia, Colombia — MGN2025","source":{"organization":"Departamento Administrativo Nacional de Estadística (DANE)","dataset":"Marco Geoestadístico Nacional (MGN) 2025 — Nivel Municipio","municipalityCode":"05088","municipalityName":"Bello","extractedAt":"2026-09-16T00:20:18.812Z"},"features":[{"type":"Feature","properties":{"dpto_ccdgo":"05","mpio_ccdgo":"088","mpio_cdpmp":"05088","dpto_cnmbr":"ANTIOQUIA","mpio_cnmbr":"BELLO","mpio_crslc":"Ordenanza 48 del 29 deAbril de 1913","mpio_tipo":"MUNICIPIO","mpio_narea":147.700694908,"mpio_nano":2025,"shape_Leng":0.6195384647,"shape_Area":0.01206642325},"geometry":{"type":"MultiPolygon","coordinates":[[[[-75.53246949041005,6.388667575577301],[-75.53256156869838,6.388555037243805],[-75.53262271527188,6.388457199851587],[-75.53267163217134,6.388298217682575],[-75.53268386184533,6.388114777962073],[-75.53268386184533,6.387882420443816],[-75.53268386184533,6.387760129991818],[-75.53268386184533,6.387637833251574],[-75.53267163217134,6.387540000350953],[-75.53267163217134,6.387393249652575],[-75.53268386184533,6.387209806338831],[-75.53273277964314,6.387050825966412],[-75.53279392711494,6.386867386245967],[-75.53280615589063,6.38680623877417],[-75.53280615589063,6.386696174402914],[-75.53278169833925,6.386598338807346],[-75.53276946776685,6.386500505906724],[-75.53273277964314,6.386402670311156],[-75.53273277964314,6.386304838308888],[-75.53273277964314,6.38618254426359],[-75.53274501021548,6.386072478993981],[-75.53276317775823,6.3859499280303],[-75.53278422260718,6.385872762685892],[-75.53281228330405,6.3857885850868],[-75.53288944595351,6.385613212244039],[-75.53295959455164,6.385486942252157],[-75.53304377394738,6.385332614258289],[-75.5331139234438,6.385241419912916],[-75.53318407204193,6.38515724141547],[-75.5332752663873,6.385052018967485],[-75.53334541498543,6.384946795621147],[-75.53340153637924,6.384813510679578],[-75.53342258122814,6.384701270586959],[-75.53342258122814,6.384582018239655],[-75.53344583323951,6.384477962704068],[-75.53343648087161,6.384318958077131],[-75.53345518560735,6.384178662677527],[-75.53348909164646,6.384065253875804],[-75.53354521124362,6.383960027834519],[-75.53358028599183,6.383875849337073],[-75.53360133084078,6.383763611041104],[-75.5335943149928,6.38361629709857],[-75.53353118224265,6.383384804658647],[-75.53348909164646,6.383251524208674],[-75.53342595799802,6.383118238368809],[-75.53332774870296,6.382977940274259],[-75.53320147960937,6.382844658925933],[-75.5330892422117,6.382753461885613],[-75.5329278992682,6.38265525259061],[-75.5327665563247,6.382620179639048],[-75.53258416763396,6.382592118942114],[-75.5324087947912,6.382592118942114],[-75.5321632733503,6.382592118942114],[-75.53189670526382,6.382578089042852],[-75.53170028667381,6.382571074093221],[-75.5315599885792,6.382479879747848],[-75.53137760078681,6.382248388206222],[-75.53127237744047,6.382101075161984],[-75.53116715409408,6.381925702319222],[-75.5310198401516,6.381694208980946],[-75.530879542057,6.381483763186566],[-75.53078133366034,6.381301377190823],[-75.53068312436528,6.381111970855443],[-75.53057790101894,6.380887496958451],[-75.53047969082564,6.380648985975597],[-75.5303955123282,6.38036838978644],[-75.53037869944598,6.380321687235949],[-75.53033237867976,6.380193017841975],[-75.53024118523268,6.380059732900463],[-75.53005178069395,6.379814210561221],[-75.52980625925306,6.379589736664173],[-75.52962067076072,6.379443514175591],[-75.52957476591479,6.379407346176833],[-75.52930819962495,6.379231973334015],[-75.52899252778928,6.379049586439919],[-75.52873999139877,6.37889525844605],[-75.52848745500819,6.378747942706923],[-75.52836118501631,6.378656750158143],[-75.5283050672158,6.378593614713054],[-75.52826999067094,6.378551527710158],[-75.52824894672028,6.378453316618504],[-75.52821387287042,6.378334064271201],[-75.52818581217349,6.378193765278297],[-75.52817178407088,6.378060483930028],[-75.52817178407088,6.377885108392263],[-75.52816272724897,6.377833784005929],[-75.52815073922193,6.377765855146663],[-75.52810864862573,6.377716749600836],[-75.52807370592996,6.377697336992071],[-75.52798238043044,6.377646601002709],[-75.52783506738626,6.377611526254498],[-75.52770178424134,6.377611526254498],[-75.52758954504702,6.377611526254498],[-75.52751238060097,6.377590483202198],[-75.5272949189586,6.377401078663468],[-75.52698626117427,6.377176602969826],[-75.52686700882697,6.377036303976922],[-75.52680263729906,6.376933711798131],[-75.52664253133668,6.376678545138361],[-75.52641805294809,6.376383916354996],[-75.52635797357397,6.376312395130014],[-75.52627073900555,6.376208544410531],[-75.52606730726251,6.375878842675547],[-75.52591999511662,6.375633321234659],[-75.52589807261296,6.375557032646668],[-75.52589807261296,6.375504421871824],[-75.52589807261296,6.375425502116286],[-75.52589807261296,6.375367784414948],[-75.52589807261296,6.37536237026444],[-75.52589807261296,6.375309758591243],[-75.52589807261296,6.375241360811003],[-75.525934900874,6.375178226264211],[-75.52598225200865,6.375120353154216],[-75.52603486278355,6.375015129807878],[-75.52604012422034,6.374936213645583],[-75.52604012422034,6.374878339637291],[-75.5259980363191,6.374683673661764],[-75.5259296403355,6.374546882592881],[-75.52583493806617,6.374415353859092],[-75.52575075867043,6.374320651589755],[-75.52569288735708,6.374262779378114],[-75.52568101790774,6.374254074696069],[-75.52561396939814,6.374204906268119],[-75.5255192671288,6.374141774416273],[-75.52542456485946,6.374110206693729],[-75.52534564779887,6.37405233268538],[-75.52531408097462,6.373973417421439],[-75.52533512582352,6.373883975690603],[-75.52539299803522,6.37378927342121],[-75.52550348281835,6.373605133912577],[-75.52557174944445,6.373484355326411],[-75.525571878802,6.373484125357493],[-75.52560870706304,6.373373640574357],[-75.52560870706304,6.373289462076968],[-75.52560344562619,6.373178973700533],[-75.52553505143925,6.372831737735567],[-75.52550990308282,6.372725341188527],[-75.52546665365901,6.372542371287352],[-75.52532460294992,6.372200394064237],[-75.52519833385634,6.371879459893421],[-75.5250299768615,6.37150065800256],[-75.52497210375151,6.371421737348726],[-75.52490896920472,6.371358606395177],[-75.52483531178433,6.371321776337481],[-75.52477217723748,6.371311251667237],[-75.5246774767648,6.371311251667237],[-75.52454068479756,6.371327037774279],[-75.52444072198972,6.371337557952984],[-75.52435128295383,6.371327037774279],[-75.52426710355809,6.37124285927689],[-75.5242039690113,6.371132375392051],[-75.52415368307823,6.371015923994037],[-75.52410400620346,6.370900882053775],[-75.52409574528951,6.370871964363459],[-75.52403035057966,6.370643083328105],[-75.52403035057966,6.37037475993219],[-75.52403035057966,6.370138006953766],[-75.52401456716751,6.370022264327019],[-75.52397247836797,6.369906517208733],[-75.52386725322503,6.369727634645358],[-75.5237252016176,6.369522447592828],[-75.52368826466034,6.36948551063557],[-75.52357788677676,6.369375133650351],[-75.52341479211708,6.369227820606113],[-75.52322538757835,6.36906472414978],[-75.52316225303156,6.368964763138592],[-75.52314527485919,6.36892401193154],[-75.52310964315501,6.368838493146654],[-75.52302020232247,6.368696440640974],[-75.52290445520424,6.368612262143529],[-75.52286735924497,6.368594520402553],[-75.52278344934405,6.368554389033534],[-75.52264139594001,6.368475471972943],[-75.52254143313218,6.368380768805309],[-75.52242042727204,6.368191366961526],[-75.52227311243121,6.368001966016095],[-75.52222577297465,6.367956990927269],[-75.52216788998317,6.367902001411608],[-75.52202057604063,6.367807300040567],[-75.52194015519905,6.367766058353027],[-75.52181538988646,6.367702075795933],[-75.52153128577334,6.367512674850502],[-75.52134714267146,6.367365360009615],[-75.52123138477339,6.367269305774698],[-75.52109986771774,6.367160173855439],[-75.520957815212,6.366981293088656],[-75.52080524162932,6.366812935195526],[-75.52064740481313,6.366655100176047],[-75.5204527424309,6.366518310005461],[-75.52023703340308,6.366434130609719],[-75.52012067183665,6.366368090010667],[-75.5200423683259,6.366323646724879],[-75.51983718307002,6.3661605475736],[-75.51972669738853,6.366029017941514],[-75.51968672322488,6.36592363110168],[-75.51966882427854,6.365876442562183],[-75.5196162126054,6.365771219215844],[-75.51960178026053,6.365757634881277],[-75.51943733094032,6.36560286222101],[-75.5193623997078,6.365554829264511],[-75.51923214568444,6.365471334385575],[-75.51895856444492,6.365339802058543],[-75.51862710919715,6.365108309618563],[-75.51825356514985,6.364850510892893],[-75.51797472157523,6.364608497375968],[-75.51773270715995,6.364324393262848],[-75.51756197142436,6.364106074627045],[-75.51741177388749,6.363914020056143],[-75.51738846707889,6.363886475890979],[-75.51718840402083,6.363650038221465],[-75.51718028144757,6.363640437918377],[-75.5169860466637,6.36342813620314],[-75.51695405134274,6.363393163862952],[-75.51682251991406,6.363287937821667],[-75.51663837860877,6.363082754362381],[-75.51639110365505,6.362714470853575],[-75.51623289224113,6.362518376555613],[-75.5160175587094,6.362251485075376],[-75.51591978689424,6.362101567813113],[-75.51570188777202,6.36176745534658],[-75.5155282693404,6.361546485780252],[-75.51545461191995,6.361441260637264],[-75.51539147827151,6.36134129872778],[-75.51537274568796,6.361320208064683],[-75.51505908787675,6.360967043214146],[-75.51500066679404,6.360874894857204],[-75.51506378157785,6.360758112878898],[-75.5150621708973,6.360712985076304],[-75.51503087716111,6.360574038048981],[-75.51503194885208,6.360443442665542],[-75.51505200196016,6.360428136259202],[-75.5150734582378,6.360411757263591],[-75.51506399358044,6.360334538020254],[-75.51503584125533,6.360295621174487],[-75.51502863406603,6.359944063411263],[-75.51500113212171,6.359880716861881],[-75.51500411542912,6.359866226126485],[-75.51511136268141,6.359813824659284],[-75.51515898510752,6.359744929211956],[-75.51519160655477,6.359655147019339],[-75.51527583715449,6.359482611058468],[-75.51535435895607,6.35918140390703],[-75.51531152904579,6.35886017688523],[-75.51566042060716,6.358451973111698],[-75.51570094543854,6.357979483150189],[-75.5156827248951,6.357710897445997],[-75.51581835444142,6.35756812898245],[-75.51583263137763,6.357496745199796],[-75.51578266165183,6.357204072050365],[-75.51577272627685,6.357152968649757],[-75.51586838076116,6.356946339800061],[-75.51603230815977,6.356945433399233],[-75.51616539816678,6.356944695881793],[-75.51625528276742,6.356944199113059],[-75.51636540642755,6.356943590054811],[-75.51647835798644,6.35626001200302],[-75.51654513520458,6.3559983298573],[-75.51656954514527,6.355955612236528],[-75.51663572767825,6.355626359659595],[-75.51660713877158,6.35549643172493],[-75.51657306205243,6.355341563843126],[-75.5165603823221,6.355283937770082],[-75.51649529573461,6.354988145667505],[-75.51650920795447,6.354832640879692],[-75.51659453270315,6.35456691631191],[-75.51659115144167,6.354471078571123],[-75.51658415266172,6.354272755551222],[-75.51659729771978,6.354030309944278],[-75.51660190608084,6.354000646651627],[-75.51653202877418,6.353581676560793],[-75.51653263962902,6.353514613678158],[-75.51653345440167,6.353425384848208],[-75.51653386133881,6.353380761899189],[-75.51654287234658,6.353182218791858],[-75.51656002658893,6.353124200154639],[-75.51659128169752,6.353018497107541],[-75.51660445011174,6.35297396309187],[-75.51671837005529,6.352674673845115],[-75.51683936962723,6.352529517657615],[-75.51702812019192,6.352303086330039],[-75.51716868778124,6.352130486588749],[-75.5172749828186,6.352054815143845],[-75.51738990528281,6.351973001912427],[-75.51746073570274,6.351945196337283],[-75.5175109919914,6.351964191229115],[-75.51754325590883,6.351960512625112],[-75.51764099538457,6.351911991883014],[-75.51768185169459,6.35180142984467],[-75.51770363675587,6.351742479653808],[-75.51775528273936,6.351647206055475],[-75.51784776976149,6.351476590694233],[-75.51785484759324,6.351462329029403],[-75.51788628326335,6.351398989666563],[-75.51791727157206,6.351195124036906],[-75.51791142712818,6.351086964095543],[-75.51791122410873,6.351083206439682],[-75.51788631739936,6.350895281427427],[-75.51785708260343,6.350698757734449],[-75.51781376131436,6.35059411919184],[-75.51780590284596,6.350347308667438],[-75.51779104380103,6.350162226825319],[-75.51779225922257,6.350083175017346],[-75.51771155630973,6.349947067566916],[-75.51765268517067,6.349753019632828],[-75.51758215119503,6.349491076975426],[-75.5175750446171,6.349456665184391],[-75.51757320756093,6.349447769161088],[-75.51756615667864,6.34941362776317],[-75.51756246909144,6.349395767444435],[-75.51755769094865,6.349372630417577],[-75.5175501639589,6.349336177652617],[-75.51754527172994,6.349309577617532],[-75.51753925301273,6.349276852863966],[-75.51782338766861,6.349210092713804],[-75.5178169638109,6.349176193861183],[-75.51781029740783,6.349141012213408],[-75.5177999299429,6.349086302074056],[-75.5177894043743,6.349010645900535],[-75.51777651264138,6.348917986401716],[-75.51777300741236,6.348907978263185],[-75.51769419006484,6.348683007597401],[-75.51762239215856,6.348526405067446],[-75.51754360625205,6.348354558114977],[-75.51749497232214,6.348289317915487],[-75.51725093220432,6.347961947310523],[-75.51719120227517,6.347796720048677],[-75.51717962837182,6.347751559906726],[-75.51715349186782,6.347649583972668],[-75.51714668083588,6.347623007293862],[-75.51708840977193,6.347395644412529],[-75.5170431463236,6.347280427300689],[-75.51694412495095,6.347028373305875],[-75.51689210526803,6.346895957035883],[-75.51684310213022,6.346811987846081],[-75.51680984108202,6.346542288230012],[-75.5167691958763,6.346368279030912],[-75.51672874740171,6.346265066115791],[-75.51672989275465,6.3462450282791],[-75.51673421904451,6.346169380190418],[-75.51673403309309,6.346102410732612],[-75.51672818415761,6.346062245227643],[-75.51668339861345,6.345977683149272],[-75.51683144019194,6.345920340944076],[-75.5169326336927,6.345881144722057],[-75.51734213014294,6.345918873095741],[-75.51760808378128,6.345918133781652],[-75.51789213309712,6.345977138769797],[-75.51817326019102,6.346060068607983],[-75.51846611569857,6.346062244329346],[-75.5186284827223,6.346044815202276],[-75.51866627038487,6.346040759305538],[-75.51899755674924,6.345893341158387],[-75.51927471508304,6.345623495116797],[-75.51947099892567,6.345285110259397],[-75.51951287482433,6.34519030468374],[-75.5196521416521,6.344875013734054],[-75.5197863707238,6.344465325044155],[-75.51982957433347,6.344333463933424],[-75.51985966612284,6.344241618308956],[-75.5199188220281,6.344061066674442],[-75.51992508598556,6.344043170423106],[-75.51999401017895,6.343846230809788],[-75.52021139995605,6.343225074940221],[-75.52028644257973,6.343010651402608],[-75.52038417307233,6.34269346770111],[-75.5204484583619,6.342170088138232],[-75.52058701102845,6.341846990822489],[-75.52068706276958,6.341779353017614],[-75.52068941366258,6.341777763896573],[-75.5207019406792,6.341774040376777],[-75.5208725129213,6.341723330438583],[-75.52094320410225,6.341702314335748],[-75.52117325474501,6.341686724959914],[-75.52131346210967,6.341702099638212],[-75.52167842095099,6.341742122310961],[-75.52204881819739,6.341690265223235],[-75.52226555759364,6.341633714434408],[-75.52243103368903,6.341590538672506],[-75.52258029428236,6.341536308233913],[-75.52273539033638,6.341431234906338],[-75.52280844858001,6.341344860924607],[-75.52297366326547,6.341149537381796],[-75.52308955411434,6.34091601564603],[-75.52316458595823,6.340683370666625],[-75.52321694700123,6.340521018015977],[-75.52335072511829,6.340272497996239],[-75.5233741837423,6.340117058785495],[-75.52340353801424,6.339922553608574],[-75.52345067355304,6.339680255325447],[-75.52344406464226,6.339453055039371],[-75.52341985143278,6.339342502882516],[-75.52334494355648,6.339193651022981],[-75.52331468198543,6.339133515953336],[-75.52325440138856,6.338948321821704],[-75.52334328885843,6.338676009902713],[-75.52349942965395,6.338544041892419],[-75.52364140939608,6.338424042146187],[-75.52367506031345,6.338407090024987],[-75.52376325158843,6.338362663807175],[-75.52380197709289,6.338343156875226],[-75.52385625873546,6.338315813034512],[-75.52419404082286,6.338356726836764],[-75.52429236869557,6.338367574900758],[-75.52435343172567,6.338374312270787],[-75.52469621473824,6.338412129577705],[-75.52470527605175,6.338412891349719],[-75.52528204073786,6.338461321361876],[-75.52529538162878,6.338461291717465],[-75.52561900895091,6.33846059103098],[-75.52575908066984,6.338460287400153],[-75.5259320702803,6.338427140438114],[-75.52647053526374,6.338323962557297],[-75.52707573793947,6.338082759321367],[-75.52725171355229,6.337989789903588],[-75.52753798799682,6.337828458638228],[-75.52774820292399,6.337709991419104],[-75.52799126567402,6.337617520566653],[-75.52811237573883,6.337571445939034],[-75.52835127209926,6.337513974376293],[-75.52871271583007,6.337468117141157],[-75.52886033430173,6.337483135187995],[-75.52926563022635,6.337517874864375],[-75.53036531992745,6.337518827977647],[-75.5304926355592,6.337518827977647],[-75.53083096202607,6.337472338327984],[-75.53100029998194,6.337449069248692],[-75.53141455211716,6.337392145658669],[-75.53153432908101,6.337377424954411],[-75.53173716613884,6.337352494888762],[-75.53179600583684,6.337342362782579],[-75.5319155797813,6.337321771583277],[-75.53248265972263,6.337224119244183],[-75.53259937702217,6.337201511325361],[-75.53261527721537,6.33719843099982],[-75.53284505297341,6.33715392303526],[-75.53308820735168,6.33710682342911],[-75.53309908865339,6.337104715081409],[-75.53377435638384,6.336996625208712],[-75.53405315234772,6.336892876897252],[-75.53405367516763,6.336892681962695],[-75.53423286315848,6.336826000864335],[-75.53433082182335,6.336778557203104],[-75.53441764136977,6.336736507929459],[-75.53482152693834,6.336524420013461],[-75.53493160568263,6.336479106259446],[-75.53505984388494,6.33642631582137],[-75.53515458837512,6.336387315432262],[-75.5351725322372,6.336379927681492],[-75.53525895921956,6.336354275369786],[-75.53530649181408,6.336340166418665],[-75.535350460789,6.33632711478549],[-75.53544045318756,6.336300404257599],[-75.53550931899048,6.336279963077004],[-75.53558210504434,6.3362353688741],[-75.53558502097809,6.336216412609872],[-75.53559191555337,6.336171593827999],[-75.53559400234144,6.336158037341249],[-75.53558608907582,6.336115304449152],[-75.53558210504434,6.336093790679229],[-75.53558014491887,6.336088802330494],[-75.53557686876042,6.336080464161398],[-75.53556901837686,6.33606047932534],[-75.53556466513754,6.336051035329263],[-75.53549882306629,6.33590819320375],[-75.53548420926165,6.33588233697435],[-75.535481461313,6.335877476186454],[-75.53545339342958,6.335827817277959],[-75.53545242414657,6.33582610239273],[-75.5354186977707,6.335767355221265],[-75.5354155419866,6.335761856629063],[-75.53539504780537,6.335735897991583],[-75.5353798500953,6.335716647079721],[-75.53534534757432,6.335676195910253],[-75.5353417623952,6.335673406639046],[-75.5353183379072,6.335655188790554],[-75.53531322469252,6.335651211945617],[-75.53530961525883,6.335648354402451],[-75.53528467171844,6.335628606721798],[-75.53525611784607,6.335606002396332],[-75.5352430311786,6.33558696618195],[-75.53522518523295,6.335578637894344],[-75.53521346759902,6.335537095270922],[-75.53519605104839,6.33547534682566],[-75.53519545366828,6.335473225901637],[-75.53519406666834,6.335468310316458],[-75.53518592433215,6.335439440236826],[-75.53518395881673,6.335432071350681],[-75.5351678367395,6.33537161019234],[-75.53516688901612,6.335368055555932],[-75.53516627187298,6.335364722803547],[-75.53516575084973,6.335361910176175],[-75.53516447344435,6.33535500931265],[-75.53515574181284,6.335307862994],[-75.53515499082067,6.335303809792208],[-75.53515368466924,6.335296193869169],[-75.53515142181124,6.335282990420581],[-75.53514799204072,6.335262980431708],[-75.53514785280174,6.335262170150656],[-75.5351300068561,6.335190786368059],[-75.53512286883716,6.335149144929858],[-75.53512261910532,6.335147559402117],[-75.53512007417606,6.335131445409729],[-75.53511512714988,6.335100113045939],[-75.53511332872125,6.335088727788957],[-75.53511216091044,6.335081331055051],[-75.535108677241,6.335061121639967],[-75.5351086341218,6.335060874603073],[-75.53510434196795,6.335035979571785],[-75.53510283459372,6.335027239855435],[-75.53510026361334,6.335012326013157],[-75.53509592564535,6.334970683676659],[-75.5350943149648,6.334955219166716],[-75.53509157420268,6.334928903897833],[-75.53509148976093,6.334928100803324],[-75.53508867174367,6.334901047118649],[-75.53508836631624,6.334898112320332],[-75.53508136933289,6.334844047171828],[-75.53507527875041,6.334796985294929],[-75.5350765902918,6.334751773050641],[-75.53507677624322,6.334745362667661],[-75.53507765928782,6.334714893585556],[-75.5350723753931,6.334678257564121],[-75.5350602409406,6.334594125779176],[-75.53505981334217,6.334591162234688],[-75.53506196930056,6.334582198837609],[-75.53507133334654,6.33454326222892],[-75.5350824176677,6.334497173228215],[-75.53510127871039,6.334468504371387],[-75.53512013885484,6.334439836412912],[-75.53512851834648,6.33442709919035],[-75.53514190415319,6.334406753231235],[-75.5351661407189,6.334363292703188],[-75.53521090919503,6.334283021880367],[-75.53523351441885,6.334249708729828],[-75.53527991333857,6.334216397375883],[-75.53528946064102,6.334205970622122],[-75.53529880761903,6.33419576485403],[-75.53529932594734,6.33419519981328],[-75.53532910332609,6.33416268616395],[-75.53533307298454,6.334153367033764],[-75.53534025591927,6.334136509235691],[-75.53534551555941,6.334124161882301],[-75.53534902617838,6.334097244741656],[-75.535352535899,6.334070326702715],[-75.53535522635542,6.334006460028377],[-75.53535292666646,6.333981824610419],[-75.53534901809354,6.333939925355537],[-75.53534746221021,6.333923249017289],[-75.535339698065,6.333840037107905],[-75.53532879969532,6.333789840108125],[-75.53533158986482,6.333761848581617],[-75.53534793562272,6.333708706003677],[-75.53535603843306,6.333688272009624],[-75.53536502608466,6.333665605700276],[-75.5353843326921,6.333645460964021],[-75.53542081779648,6.33361307038399],[-75.53544731003359,6.33359792657285],[-75.53547668137355,6.333586364347639],[-75.53550105178829,6.333581990447044],[-75.53554051031858,6.333586902438924],[-75.53554768157522,6.333586881777649],[-75.53558353875667,6.333586781166275],[-75.53560790198492,6.333579538044319],[-75.53561299274168,6.333575921424142],[-75.53562367102398,6.333568335145515],[-75.53563223736535,6.33356224905458],[-75.53564365496175,6.333542125877898],[-75.5356535669805,6.333496176116171],[-75.53563977603324,6.333437376842369],[-75.53557507302673,6.333380873664282],[-75.53553694939399,6.333340082033089],[-75.53552683794908,6.333314996558784],[-75.53551158813667,6.333247592316013],[-75.53551145428759,6.333199518036963],[-75.53551990833944,6.333145680162431],[-75.53553556688564,6.333103302105144],[-75.53555578887716,6.333068761854975],[-75.53558081955418,6.333052862560066],[-75.53561926478403,6.333028443636238],[-75.53565794537263,6.333011831976762],[-75.53566794273144,6.332996735776362],[-75.53567147580827,6.332978069668229],[-75.53567139855306,6.332950803980964],[-75.53565984620934,6.332922852878653],[-75.53566266332831,6.332904188567113],[-75.53567838385828,6.332884053712291],[-75.53570346034945,6.332875374183118],[-75.53574577372797,6.332875971563226],[-75.5357903418797,6.332913159150678],[-75.53581042283554,6.332913101658448],[-75.53582332534825,6.332910913360706],[-75.53582417156196,6.332910675306948],[-75.53583622426771,6.332907288655633],[-75.53586271560653,6.332892146641143],[-75.53591710325043,6.33285037674375],[-75.53597150167417,6.332812913373289],[-75.53598622866667,6.332791547825536],[-75.5359951911654,6.332778547396401],[-75.53600346914732,6.332766538708142],[-75.53600495316533,6.332764386343001],[-75.53601208579437,6.332750613362066],[-75.53601848899086,6.332689605129247],[-75.53601947624014,6.332636510162047],[-75.53602212267907,6.332494068685548],[-75.5360173984352,6.332300946915211],[-75.53602434331623,6.332220206273121],[-75.53602964877052,6.33219447940121],[-75.53604856191555,6.332119086434261],[-75.53604891585206,6.332087102791434],[-75.53604903892136,6.332076031945064],[-75.53602120819335,6.331992857764931],[-75.53600926059056,6.331957154195493],[-75.53599060077062,6.331909370970834],[-75.53598827503049,6.33190281506063],[-75.53594843291927,6.331790500407806],[-75.53592013416863,6.33171583597516],[-75.53591585369287,6.331681168164096],[-75.53590918639156,6.33164770229979],[-75.53589595060362,6.331616645719066],[-75.53587315403848,6.331585616986104],[-75.53582698868092,6.331533128382205],[-75.53579935737906,6.331495113445726],[-75.53576279412124,6.331444813139626],[-75.5357536789088,6.331391023774188],[-75.53575707364496,6.331322849674621],[-75.53575127142187,6.33130305977312],[-75.53574621210618,6.331285807614393],[-75.53571493633632,6.331214740937298],[-75.53566765796523,6.331191553604697],[-75.5356155197046,6.331140276829103],[-75.53558013503738,6.331095530810842],[-75.53556683816396,6.331042352300244],[-75.53556702591197,6.331037285798004],[-75.53556794938083,6.331012451852189],[-75.53558974162866,6.330898781640485],[-75.53559552588541,6.33083000207597],[-75.53559663889894,6.330797320441548],[-75.53560104693554,6.330667944971253],[-75.53560082415316,6.330664188213746],[-75.5355995395613,6.330642574730803],[-75.5355954971393,6.33057448327628],[-75.53559540191782,6.330572887867106],[-75.53559325314592,6.330551303130221],[-75.5355806425859,6.330424639675925],[-75.5355851727935,6.330334937433406],[-75.53559386939071,6.3302392416266],[-75.5355889753651,6.330199192902683],[-75.5355834731796,6.330173847815047],[-75.53558170978533,6.330165728835027],[-75.53557445229035,6.330139692044099],[-75.53556722084653,6.330113748678002],[-75.53555880721888,6.330097030118907],[-75.53554857989121,6.330073141201524],[-75.53552583902172,6.330061843979536],[-75.53547500511587,6.330049430150723],[-75.53541759463866,6.330035838629612],[-75.535345815597,6.330013318745841],[-75.53530511739058,6.329991907383999],[-75.53528713759584,6.329974019217445],[-75.5352386096672,6.329931103967226],[-75.53523184355112,6.329916785708463],[-75.53521095500918,6.32987258317138],[-75.53518153875342,6.329825427869594],[-75.53517183065242,6.329773435136133],[-75.5351626552528,6.329698120322689],[-75.53516482378762,6.329619186194122],[-75.53517173273599,6.329525289714184],[-75.53516633206016,6.329517531857221],[-75.53514778093648,6.329508614274289],[-75.5351214575827,6.329499120870821],[-75.53509691738623,6.329485437721473],[-75.53507117793788,6.329470560710206],[-75.53503465420596,6.329446148074624],[-75.53501250263173,6.329432457738733],[-75.53497538241794,6.329408046001447],[-75.53496147558798,6.329371402793527],[-75.5349561153364,6.329357274977781],[-75.53495160129847,6.329345778329582],[-75.53494708636225,6.32933427988479],[-75.53493805738816,6.329311284791856],[-75.53492152657714,6.329284496110404],[-75.53491799170365,6.32927877024423],[-75.53491842020037,6.329278325577775],[-75.53492804924963,6.329268341693762],[-75.5349381058972,6.329257914939944],[-75.53493691562852,6.329244828272465],[-75.53494069035236,6.329241405688492],[-75.53494962500326,6.329233302878208],[-75.53496233437806,6.329221779280545],[-75.53496658341271,6.32921792460661],[-75.53498264530282,6.329193535327192],[-75.53498417962652,6.329192068377154],[-75.53506354674346,6.329116202895989],[-75.53511866920985,6.329091118320036],[-75.53513243859749,6.329084851667631],[-75.53526365022572,6.329025144196351],[-75.53527531935055,6.32901983425046],[-75.53539165756075,6.328987476009843],[-75.53544574157388,6.328972431911779],[-75.53545768199012,6.328964901328789],[-75.5353418908544,6.328799757610284],[-75.53524175736646,6.328616532587318],[-75.5351579615517,6.328463205317519],[-75.53496620612003,6.328154048967804],[-75.53473531555181,6.327786190362417],[-75.53455921417475,6.327410504729755],[-75.5343361506338,6.327011340710101],[-75.53432794721215,6.326991821201716],[-75.53422266278028,6.326741315903632],[-75.53406221455953,6.326381287020524],[-75.53384697894427,6.325939074799862],[-75.53373425196435,6.325729724052678],[-75.53365522261424,6.325582956286269],[-75.53337737257715,6.325007689991253],[-75.53320518426455,6.324498947589291],[-75.53304864821001,6.324146744835161],[-75.53295863964172,6.323884550649325],[-75.53292341936634,6.323759318212353],[-75.53290385314551,6.323684963698724],[-75.53288037206363,6.323614524046263],[-75.53267622526101,6.323022950620839],[-75.53250403605017,6.32256377999073],[-75.53243620420898,6.322308109375626],[-75.53238924294345,6.321974164894243],[-75.53237358978714,6.321713273266539],[-75.53232662762332,6.321462817375846],[-75.53223792610481,6.321186269896941],[-75.53206459603263,6.320235050271094],[-75.53195096624518,6.320062499038841],[-75.53169675898687,6.319264573445139],[-75.53169005126131,6.319083478329389],[-75.5316953486307,6.319033674792024],[-75.53171614105287,6.318838239858053],[-75.53173179510748,6.31867648728246],[-75.5317631014201,6.318504297173263],[-75.53178919121166,6.318384288443838],[-75.53182049842258,6.318295583332144],[-75.53181528010492,6.318243408240505],[-75.53180484436797,6.318154704027108],[-75.53179962694867,6.31809730522798],[-75.5317683188394,6.318034694399387],[-75.53172657589153,6.317982513019615],[-75.53158047737054,6.31785728507424],[-75.53149699237309,6.317763364339839],[-75.53143437795126,6.317549434876014],[-75.53137698094878,6.317210272975274],[-75.53135447723463,6.316996481852073],[-75.53134567373786,6.316912854920702],[-75.53131958484454,6.316771973819073],[-75.53126740705801,6.316573694816611],[-75.53118392116227,6.316349327819182],[-75.53096477158414,6.316004952990681],[-75.53084476105812,6.315817107030227],[-75.5307247514304,6.315603179363052],[-75.53054212558425,6.31514400783459],[-75.53044298743049,6.31472658105065],[-75.53033341174313,6.314371765095302],[-75.53012991621966,6.313954337413065],[-75.52990033180288,6.31342211842076],[-75.5296811822248,6.313062086842649],[-75.52959769722736,6.312853373001531],[-75.52952464706857,6.312717711115852],[-75.5295089930139,6.312660313215019],[-75.52948290412064,6.312608136326844],[-75.5294202896988,6.312566391582322],[-75.52936289359462,6.312545521006655],[-75.52928462601648,6.312503778058783],[-75.52920200879231,6.312448989765926],[-75.5291046097783,6.312337674938817],[-75.52901416822175,6.312240276823104],[-75.52890285429294,6.312191574621181],[-75.52888903280297,6.312181703026681],[-75.52880545258398,6.312122003640241],[-75.52872892594229,6.311948077984539],[-75.52865087485827,6.31178393409175],[-75.52851390682116,6.311596092622892],[-75.52840824509661,6.311431727744377],[-75.52832997662011,6.311263450699698],[-75.52824388291305,6.310950380387169],[-75.52818909641678,6.310692099265793],[-75.52814604911407,6.310515995193782],[-75.52811865496767,6.3103477190474],[-75.52808343469223,6.310214664973046],[-75.52798951395783,6.309956381156724],[-75.52789167836227,6.309737235171895],[-75.52785645808683,6.309608089670462],[-75.52783689186606,6.309506342807026],[-75.52783297790324,6.309463296402669],[-75.52783297790324,6.309400681082479],[-75.52784080493058,6.309338067558997],[-75.52786382337973,6.309292029762275],[-75.5278721121415,6.309275452238808],[-75.52794255269231,6.309154138256304],[-75.52805212837967,6.309024997246468],[-75.52811082794034,6.308942816603803],[-75.52816170227038,6.308884116144782],[-75.52819692344411,6.308821501722946],[-75.5282047486748,6.30877062739296],[-75.52820866173931,6.308708012971124],[-75.52820866173931,6.308661051705599],[-75.52821257480377,6.308512343576638],[-75.52820083561028,6.308387115631263],[-75.52817735632499,6.308281453008419],[-75.52815407017766,6.308206605319299],[-75.52812256893048,6.308105351631355],[-75.5280496678921,6.307954342915139],[-75.52801299414142,6.3078783768226],[-75.52799677774101,6.307837023743843],[-75.52793472566498,6.30767879166865],[-75.52788385223329,6.307533996604207],[-75.52786037204964,6.307432248842417],[-75.52782515087591,6.307295280805306],[-75.52778993149883,6.307080046986641],[-75.52776253735243,6.30674740686004],[-75.52774318582914,6.306543958049019],[-75.52773024019729,6.306407853293535],[-75.52772019882104,6.306332542971688],[-75.52769982321752,6.306179728640302],[-75.52767458323285,6.305990424712945],[-75.52766680112137,6.305934006874907],[-75.52761892626847,6.305586913742161],[-75.52759109733711,6.305232101380113],[-75.52756326840574,6.305002516065031],[-75.52746586939173,6.304501599792047],[-75.52734759800552,6.303986773994154],[-75.52727106866882,6.303687615901481],[-75.52719714983846,6.303410203344299],[-75.52717936318163,6.303281242895935],[-75.5271762783645,6.303258883810713],[-75.52715018857293,6.303091913815763],[-75.52711888226031,6.302810149815855],[-75.52700751083927,6.302471152306964],[-75.52699963799785,6.302450306884168],[-75.52693244575767,6.3024281041059],[-75.52691141258686,6.302428997031996],[-75.52686407582524,6.302426619189532],[-75.52680173179652,6.30244293709967],[-75.52677312761847,6.302472076674121],[-75.52671640884449,6.302577353021093],[-75.52670297003715,6.302593157094464],[-75.52668597389845,6.302607062127834],[-75.52665949783096,6.302624373575497],[-75.52663029537445,6.302643468180349],[-75.52653963822206,6.302690581261288],[-75.52648110305319,6.302730556323297],[-75.52643184838689,6.302779096828374],[-75.52642574522798,6.302786843007254],[-75.52641658959129,6.302770803575072],[-75.52638319289736,6.302736550785994],[-75.52637821263346,6.302731442961203],[-75.52633996323652,6.302605430786002],[-75.52607573705984,6.301940820676521],[-75.52567959228026,6.302026996130451],[-75.52545877902094,6.3017502797681],[-75.52536200523491,6.301780234115142],[-75.52533487878662,6.301928712275185],[-75.52531346383154,6.30197582625442],[-75.52514642466627,6.301954410400981],[-75.52514214239392,6.301870177106309],[-75.52509153127045,6.301858298673835],[-75.52507573079032,6.301854591323718],[-75.52506406615709,6.301850271322053],[-75.52507462496334,6.301819062925915],[-75.5250948514464,6.301775638330469],[-75.52511150712337,6.301747975587546],[-75.52511914191103,6.301738994224195],[-75.52512162036487,6.3017360791888],[-75.52512619009838,6.301734080435665],[-75.52514916183515,6.301724032771233],[-75.52522197394018,6.301689055041095],[-75.52526123484097,6.301662642754081],[-75.52529906831762,6.301631234033437],[-75.52536117159764,6.301538435295697],[-75.525423275776,6.301458485171736],[-75.52547324460352,6.301411372090797],[-75.52551541065822,6.301370079199216],[-75.5255465813251,6.301324103386321],[-75.52558845902041,6.301244153262303],[-75.52560844655136,6.301226069262952],[-75.52562557923414,6.301212743643362],[-75.52570838420638,6.30119085258076],[-75.52580356168488,6.301157541226871],[-75.52589398168186,6.301115661734968],[-75.52593760839841,6.301087816633924],[-75.525969173426,6.30104998944546],[-75.52599011227369,6.301017627611543],[-75.52600343699493,6.300977653447887],[-75.52601402185235,6.300943590203474],[-75.5260265677336,6.300907299135361],[-75.52604204571827,6.300885729669915],[-75.52603377492284,6.300869663288267],[-75.52600058214665,6.300695687326822],[-75.52576358662293,6.300324490579214],[-75.52577072643845,6.300283088991421],[-75.52587494636583,6.300028961683211],[-75.52524338530202,6.299837743444527],[-75.525205365874,6.2998262324233],[-75.525200422441,6.299722412246524],[-75.52506316155285,6.299688932907543],[-75.52500415207311,6.299662282566771],[-75.5249622725812,6.29964895874383],[-75.52492610458245,6.299618501339864],[-75.52492800901234,6.299588043935898],[-75.52494011921033,6.299557768890054],[-75.52500850441413,6.29951445838077],[-75.52502805985517,6.299512890819358],[-75.5250149291702,6.299432564300901],[-75.52502075025785,6.299389429861549],[-75.52504196758349,6.299356191271215],[-75.52492939511393,6.299275182931012],[-75.52493684395023,6.299263883912317],[-75.5251428826063,6.298843955318375],[-75.52509016942338,6.298798656835743],[-75.52520678700989,6.298614166983896],[-75.52508164440457,6.298520276792203],[-75.52511795164236,6.298473299356942],[-75.52493911040148,6.298335114999929],[-75.52494639574422,6.298327397567164],[-75.5247235666638,6.298138586815355],[-75.52455116275542,6.298249944761665],[-75.52447135007372,6.298207122936276],[-75.52439065165254,6.298032321422454],[-75.52445158622345,6.297937339776809],[-75.52440774840261,6.297756134168253],[-75.52439838794993,6.297717443698161],[-75.524254669068,6.29771270687786],[-75.52425178637196,6.297357317796923],[-75.52436432111222,6.297360428665229],[-75.52439358914586,6.297363761417557],[-75.52447047601225,6.297363514380663],[-75.52447592699377,6.297260174803],[-75.52438698921816,6.297254680702338],[-75.52439057619398,6.297177344677891],[-75.52439104960649,6.29716713082496],[-75.52439901407615,6.297166993382632],[-75.52449000719872,6.297165421329623],[-75.52448967841508,6.297046822058007],[-75.5244908758703,6.29703040084155],[-75.52444182063022,6.297011403254771],[-75.52440711059825,6.296993560004069],[-75.52437835999467,6.296969722290669],[-75.52433636012842,6.296908848805288],[-75.52432546804692,6.296859846565781],[-75.52434567656366,6.296820326950012],[-75.52432760334403,6.296767758396015],[-75.52430882764133,6.296758741998303],[-75.52404191639818,6.296630569373121],[-75.52399518959311,6.296581859984656],[-75.5238547720225,6.296435482985714],[-75.52392924241889,6.296351738374938],[-75.52392621419568,6.296348836814218],[-75.52400268873504,6.296287913023093],[-75.5238113150877,6.29606313819022],[-75.52364615789446,6.296066219414115],[-75.52358519637409,6.295990812074137],[-75.52356906621196,6.295970859577437],[-75.52354564801215,6.295941893378028],[-75.52354246707523,6.295932640723208],[-75.52353882889543,6.295922057662438],[-75.52349276235259,6.295932140361231],[-75.52348683706026,6.295936090256646],[-75.52342423341821,6.295977826018031],[-75.52338854062862,6.296027793947189],[-75.52337591030567,6.296062530030269],[-75.52336569824934,6.296090612286775],[-75.52335713190797,6.296134869621142],[-75.52334855299017,6.296267001124932],[-75.5233236831117,6.296349586908093],[-75.52328361103162,6.296467134251657],[-75.52318851529986,6.296654912838392],[-75.5230924502851,6.296837910587385],[-75.5230304215653,6.2968820906666],[-75.52298741109354,6.296887951280155],[-75.52295971960456,6.296901420630263],[-75.52295441504856,6.296910917627031],[-75.52295115685644,6.296916752189418],[-75.52292733621107,6.296946475669245],[-75.52290087272002,6.297058484894649],[-75.52288448474121,6.297094581926501],[-75.52287602080787,6.297113224678412],[-75.52287521412012,6.297115002445764],[-75.52287469579176,6.297115817218412],[-75.52285998137569,6.297138962330166],[-75.52281804618815,6.297187870246432],[-75.52275142887027,6.297252266927217],[-75.52275140012415,6.297252294775035],[-75.52272077832833,6.297281896982156],[-75.52265016889407,6.29733471167475],[-75.52248905232625,6.297441455870114],[-75.5224798167394,6.297439397828157],[-75.52246053797978,6.297435101182714],[-75.52244124394872,6.297436584302432],[-75.52242978682642,6.297434705923649],[-75.52242689514725,6.29743423161284],[-75.5224268933506,6.297433311737223],[-75.52242685921459,6.297421077571641],[-75.52243362892398,6.297362799321149],[-75.52248968923226,6.29719153178246],[-75.52249529292749,6.297056979317063],[-75.5225238989022,6.29659648187419],[-75.52197909989263,6.296239223397606],[-75.52195900276706,6.29653526163878],[-75.52197799586224,6.296920882646418],[-75.52193021443424,6.296929985282418],[-75.52206218783442,6.29702553017222],[-75.52198242725507,6.297226660429658],[-75.52189671712887,6.297220225792159],[-75.52189589516973,6.297217460775471],[-75.5218744793163,6.297187718431019],[-75.5218524687777,6.297171655642671],[-75.5218381020099,6.297165142851668],[-75.52180785391351,6.297151430956205],[-75.52175135432873,6.297126319430788],[-75.52174360904814,6.297122877083837],[-75.52171981355565,6.297105031138187],[-75.52170970211074,6.297086589609023],[-75.52170196761,6.29704554465269],[-75.52171205480033,6.296981467772412],[-75.5217467621373,6.296834129575359],[-75.52178887788637,6.296677085073895],[-75.52178923541612,6.296674478160867],[-75.52177963241809,6.296570795426476],[-75.52176619271239,6.29637853334458],[-75.52177311783043,6.296289539873385],[-75.52177280431818,6.296176170597562],[-75.52177402782456,6.296100109283543],[-75.52175804588461,6.296025529292592],[-75.52174637406483,6.29595380774316],[-75.52173038673493,6.295877794039825],[-75.5217439692729,6.295727192260756],[-75.5217459087371,6.295705677592537],[-75.52174712775195,6.295705232926139],[-75.52178607514043,6.295691017075455],[-75.52194474828877,6.295440393199669],[-75.52196596112282,6.295446797294403],[-75.52199132597337,6.295457241116253],[-75.52203242932029,6.295728549616229],[-75.52187893316705,6.295932514958963],[-75.52255540733586,6.296364153102047],[-75.52292052428083,6.296575412770721],[-75.52305436168672,6.296350813109427],[-75.52313989843793,6.296180921790892],[-75.52313785027746,6.296166000762128],[-75.52312870362391,6.296099377155997],[-75.52312299302912,6.29605777614205],[-75.52313869828777,6.295907869659516],[-75.52315440174976,6.295827920433851],[-75.52315725839463,6.295755108328763],[-75.52317439017907,6.295678490058833],[-75.52318390693875,6.295607106276179],[-75.52318866621692,6.295519065918313],[-75.52316725126178,6.295433405199503],[-75.52314821594575,6.295335847183594],[-75.52312204081414,6.295226391870528],[-75.52308634982114,6.295147870069002],[-75.5230530366706,6.295057450072022],[-75.52303875973445,6.294955132777943],[-75.5230411402718,6.294819504129919],[-75.5230530366706,6.294731463772052],[-75.52306255522694,6.294662459628512],[-75.52305859275509,6.294572356737092],[-75.52302809223193,6.294419855019612],[-75.52301243907561,6.294169400027272],[-75.52296547781009,6.294007648349975],[-75.52294483720334,6.293953981155539],[-75.52291330002356,6.2938719819727],[-75.52273064902454,6.293400134307205],[-75.52272545765635,6.293386725144273],[-75.52257935823707,6.293037126608226],[-75.52241238734382,6.292562303720104],[-75.52232368402872,6.292259669144528],[-75.52228194018255,6.292077043298377],[-75.52223497981532,6.291523956425408],[-75.52224019723462,6.291132613144839],[-75.52229759423716,6.290642137998702],[-75.52234455460439,6.290454297428198],[-75.52237064439595,6.290068174261876],[-75.52239673328921,6.289828153209839],[-75.52243847533879,6.289400289790649],[-75.52238652931777,6.288510631760232],[-75.52269302934707,6.288490475345839],[-75.52294589092804,6.288420718413477],[-75.523390577111,6.288281209040349],[-75.5238115082256,6.288169533988537],[-75.5238178242854,6.288167857730855],[-75.52423635060813,6.288089384438365],[-75.52454152741797,6.288028349256081],[-75.52489030129993,6.287958596815315],[-75.52512572207576,6.287880120827879],[-75.52530068977802,6.287798887010297],[-75.52536986370325,6.287766771314978],[-75.52557040825866,6.287609821136698],[-75.52569247862328,6.287461591810199],[-75.52569391682721,6.28745931457911],[-75.52579710997941,6.287295927068442],[-75.5258755841702,6.28717385400887],[-75.52588968413812,6.287176204003515],[-75.52608484867903,6.287208732924171],[-75.52619073228766,6.287282537668432],[-75.52642615396178,6.287478721797982],[-75.52667465511684,6.287740300637381],[-75.52686430040421,6.288028039337064],[-75.52699508892562,6.288374632107718],[-75.52707356401476,6.288610053781838],[-75.52718473511135,6.288793161125398],[-75.52735476117726,6.288995885893769],[-75.52757056542657,6.289218227188599],[-75.52779290761976,6.289519046267515],[-75.52791061935511,6.289721768340939],[-75.5280021721286,6.289891796203506],[-75.52803486993264,6.290159914783374],[-75.5280544882558,6.290630759029966],[-75.52810680258636,6.291095062637737],[-75.52819181741597,6.291402418762175],[-75.52832914567784,6.291683616823036],[-75.52874767379717,6.292141383385228],[-75.52918582113796,6.292579530726016],[-75.52942778075595,6.292860726990227],[-75.52963050642262,6.293069989702474],[-75.52984630977363,6.2933577284021],[-75.52997056035116,6.293573530854758],[-75.53002941532054,6.293750096661199],[-75.53003595416271,6.293907046839479],[-75.52997710009163,6.29429287535811],[-75.5298397700331,6.294887969283877],[-75.52975475700015,6.295306498301557],[-75.52963050642262,6.295953908354534],[-75.52965012384743,6.296195867972472],[-75.52975475700015,6.296372437372213],[-75.52988554641985,6.296797501638764],[-75.53012096809397,6.297144097104422],[-75.53035638976809,6.297686875801276],[-75.53045300634886,6.297940938430713],[-75.53053295737118,6.298151179409047],[-75.53060496368676,6.298297036283032],[-75.5306643333912,6.298417292049294],[-75.53066219000925,6.298430998554863],[-75.53066739664877,6.298437524820599],[-75.53066595305495,6.298500435686663],[-75.53067023622566,6.29853470015388],[-75.53067880166873,6.298573246893454],[-75.53068593968766,6.298611795429622],[-75.53068879633253,6.298633210384764],[-75.53069593435146,6.298668902276063],[-75.5306973617756,6.298700310996708],[-75.53068736801009,6.298727435648289],[-75.53068383044166,6.298733423822739],[-75.53051972427818,6.298921462022804],[-75.53077921543121,6.299059861975707],[-75.53095815009692,6.299138859884749],[-75.53115194919747,6.299219006739918],[-75.53114565200235,6.299164558010546],[-75.53121012324334,6.299178638215551],[-75.53122480981159,6.299180412389603],[-75.53122845697459,6.299182642009953],[-75.53123226403778,6.29922356928688],[-75.53124462576426,6.299263706045792],[-75.53126009207085,6.299292259918161],[-75.53127200284268,6.299313265241153],[-75.53128446877383,6.2992946584219],[-75.53131400181064,6.299253521837272],[-75.53136254321402,6.299272081944139],[-75.53140108995353,6.299250666989053],[-75.5314056911281,6.299254117420787],[-75.53142821640182,6.299284930557917],[-75.53145663373016,6.299286670596018],[-75.53147799209137,6.299287979442397],[-75.53148164105096,6.29930887876418],[-75.53148817899483,6.299346320575012],[-75.53157669456186,6.299399145149096],[-75.5317251727219,6.299477667848976],[-75.53174658767705,6.299453397147261],[-75.53175873111275,6.299457734216958],[-75.53178656273906,6.299467674083473],[-75.53178508590753,6.29947997831772],[-75.53178227956835,6.299503365974772],[-75.53190102616378,6.299559912272059],[-75.53190220475437,6.299560472821213],[-75.53191116994805,6.299572591104038],[-75.53196263087841,6.299642153101843],[-75.53201938558499,6.299665672811329],[-75.53202865890108,6.299675920800269],[-75.532063161422,6.299690197736481],[-75.53207624808948,6.299703285302257],[-75.53209271601838,6.299724457712045],[-75.53206266734821,6.299827040009404],[-75.53215403776352,6.299872724767852],[-75.53222066316624,6.299895568045429],[-75.53228728767073,6.299908892766666],[-75.53236723779474,6.299893663615535],[-75.5324229890823,6.299884372333111],[-75.53242508934511,6.299932249880953],[-75.53242767559686,6.299991221631444],[-75.53244432498565,6.30002706443986],[-75.53247805675142,6.300033810792968],[-75.53251261496797,6.300062702432172],[-75.53253172035267,6.30004598477143],[-75.53254677612881,6.300032810967309],[-75.53261172796886,6.300038314949404],[-75.5327707361891,6.300123868768651],[-75.53275459075559,6.300172303272404],[-75.53275886134986,6.300207888264083],[-75.53282718367154,6.300227815607911],[-75.53289835365496,6.300256283241993],[-75.53292682218733,6.300264824430485],[-75.53300660432626,6.300264824430485],[-75.5330136489203,6.300264824430485],[-75.53306489066159,6.300264824430485],[-75.5331683209692,6.300223880983879],[-75.5331616806173,6.300199347973887],[-75.53322808413606,6.300193993112202],[-75.53324993207946,6.300192230616233],[-75.53329500059323,6.300146087716541],[-75.53329911218555,6.300145676287855],[-75.53333798770876,6.300148555390592],[-75.53334432712478,6.300140552293385],[-75.53330181072681,6.300109578357706],[-75.53330834956898,6.300102716121785],[-75.533321199081,6.300088439185572],[-75.53335689097236,6.300082727692484],[-75.53356777514495,6.300145870324116],[-75.53365841792424,6.300173010247079],[-75.53368173730934,6.300126610429061],[-75.5337058391276,6.300070991193934],[-75.53372169081172,6.3000597272096],[-75.53379902414122,6.300007378743032],[-75.53385137170949,6.2999823938801],[-75.5338598607957,6.299997250230092],[-75.5338656486457,6.300007378743032],[-75.53389049606625,6.299991955555583],[-75.53396915531016,6.299943132979308],[-75.53390491044479,6.299850334241569],[-75.53403697008332,6.299750396586546],[-75.53404790169071,6.29975081160859],[-75.53409178891889,6.299805403170183],[-75.53414386789069,6.299754456076585],[-75.53418925081496,6.299756179945007],[-75.53422494719786,6.299757534605533],[-75.53424321714868,6.299773521935379],[-75.53425350107028,6.299782520366705],[-75.53429997365185,6.29977034818495],[-75.5342761062941,6.29973493028001],[-75.53430175321586,6.299723000643496],[-75.53432726359364,6.299711135685811],[-75.53431846638506,6.299696868631088],[-75.53439983764497,6.299599300733689],[-75.53437842179153,6.29957907604728],[-75.53442482160955,6.299520778932106],[-75.53449025674365,6.299452964158945],[-75.53450035740872,6.299462470138906],[-75.53453070791312,6.299491035689357],[-75.53458900502824,6.299505311727216],[-75.53466157818127,6.299486277309541],[-75.53470559836023,6.299460103076228],[-75.53469163493628,6.299427766395183],[-75.53471802207048,6.299410173774618],[-75.53474372019627,6.29939447031262],[-75.53477941208763,6.299391613667751],[-75.5348136756565,6.299404463179826],[-75.53481510397893,6.299433017052195],[-75.53485507904094,6.299443010817697],[-75.5348536507185,6.29940874635048],[-75.53490536497395,6.299405051576798],[-75.53491142231877,6.299451774788565],[-75.5350929746773,6.299499602030721],[-75.53505475402648,6.299330901879216],[-75.53506965619056,6.29933161244719],[-75.53514222934359,6.299317334612681],[-75.53526716892952,6.299217597282109],[-75.53527147365975,6.299188339130012],[-75.53529312666865,6.299120049147689],[-75.5353035974399,6.299096253655136],[-75.53533310173066,6.299055327276506],[-75.53536080759272,6.299033703013777],[-75.5353664148812,6.29901059383468],[-75.53532072922434,6.298986799240481],[-75.53533310173066,6.298940162267002],[-75.53539592007019,6.298977280684142],[-75.53539782360178,6.298962053329603],[-75.53539972713338,6.298888765117056],[-75.53541114922132,6.298876391712497],[-75.53545207470165,6.298849742270022],[-75.53549109844704,6.298830706055696],[-75.53552060363603,6.298822139714275],[-75.53557199988768,6.298785021297192],[-75.53561482979791,6.298766937297785],[-75.53564433588525,6.298740286957013],[-75.53568526316224,6.298708878236368],[-75.53572064782946,6.298731237321647],[-75.53572463635248,6.298735526780547],[-75.535727460658,6.298729976085951],[-75.53576458177008,6.298659305566218],[-75.53578670998809,6.298630752592203],[-75.53578771879694,6.298629911768387],[-75.5357967819071,6.298622359625767],[-75.53581669218289,6.298605767729271],[-75.53583175963718,6.298596260851014],[-75.53584021458738,6.298590926650604],[-75.53585061798498,6.298578384362656],[-75.53586537731684,6.298585207970973],[-75.53589354940493,6.298527148909557],[-75.53590894384621,6.298477338185705],[-75.53601543830968,6.298521288296001],[-75.53602840100956,6.298506507404511],[-75.53604943687537,6.298468507739415],[-75.53604017793236,6.298465669060874],[-75.53601778111783,6.298456646374973],[-75.5359906546696,6.298439512793891],[-75.53597846901306,6.298393907087188],[-75.53602225113826,6.298393907087188],[-75.53607313085814,6.298386425013234],[-75.53608697300939,6.298384389429202],[-75.5361288498064,6.298359642620028],[-75.53614576419835,6.298329199589091],[-75.53615740457707,6.298308246368379],[-75.53622783704304,6.298258753648383],[-75.53624419717403,6.298251004774556],[-75.53626400504186,6.298241621863951],[-75.53629337009357,6.29823321362619],[-75.53630698497085,6.298229315833055],[-75.53634981667773,6.298219322067553],[-75.53640977927074,6.298223605238206],[-75.53645260918097,6.298227888408917],[-75.53648544622405,6.298226460086482],[-75.53651970979291,6.298216467219277],[-75.53657967238593,6.298210755726188],[-75.53661108020822,6.298217893745118],[-75.53665533933923,6.298237882174419],[-75.53669674182538,6.298270718319145],[-75.53672386827361,6.298282140407082],[-75.53674528322875,6.298289278426068],[-75.53677240877869,6.298297843869079],[-75.53678291817755,6.298300710395438],[-75.53678811313898,6.29830212703979],[-75.5368123838407,6.298317832298437],[-75.53682406194866,6.298329510406404],[-75.53685521375093,6.298360662208665],[-75.53689947108529,6.298416340732672],[-75.53691660376808,6.298430617668828],[-75.5369394470456,6.298447750351613],[-75.5369651442731,6.298460598965335],[-75.5369794221076,6.298469165306756],[-75.53699798131618,6.298486297091188],[-75.53701225825239,6.298507712944627],[-75.53702939093512,6.298540549089353],[-75.53703938290397,6.298571957809997],[-75.53705366073848,6.298601939106504],[-75.53708078628841,6.298656191104669],[-75.53710961594379,6.298681123865265],[-75.53713872767042,6.298713939348715],[-75.5371410911398,6.298719511602883],[-75.53716190691819,6.298760761375263],[-75.53717073017793,6.29877325964577],[-75.53718643543658,6.298804669264712],[-75.53719642830373,6.298847500073293],[-75.53720213889852,6.298897468002451],[-75.53720785039167,6.298967424360967],[-75.53721784415717,6.299021676359132],[-75.53722212732788,6.299058795674569],[-75.53724068743475,6.299084493800422],[-75.53725781921918,6.299105908755507],[-75.53727780495353,6.299128752033084],[-75.53728423779444,6.299141615918188],[-75.5372906553639,6.299154450158881],[-75.53730247001596,6.299191208351317],[-75.53730350397768,6.29919442522089],[-75.53730350397768,6.299225833941534],[-75.53730207655354,6.299265809003543],[-75.53730207655354,6.299294361977616],[-75.53730350397768,6.299341475956851],[-75.53730635972425,6.299372884677496],[-75.5373248183214,6.29947786098694],[-75.53732920300178,6.299502802730672],[-75.53737917093099,6.299614161575278],[-75.53742485658779,6.299685546256228],[-75.53746340422566,6.299718382400954],[-75.53750623503424,6.299742653102669],[-75.53755477643762,6.299742653102669],[-75.53757309220254,6.299741780837792],[-75.53758475683577,6.299741224780234],[-75.5376033169427,6.299754074292252],[-75.5376218761512,6.299801188271545],[-75.53762615932192,6.299826886397341],[-75.5376490017012,6.299872571155845],[-75.53767041665628,6.299892558686849],[-75.53773180667343,6.29991968513508],[-75.53775322342517,6.299936816919512],[-75.53777463838031,6.299953948703944],[-75.53779177016474,6.299978219405659],[-75.5378117567974,6.300045320017603],[-75.53781889571468,6.300101000338202],[-75.53784316641634,6.300173810646641],[-75.53786600879562,6.30021378570865],[-75.5378874228524,6.300239483834446],[-75.5378988458387,6.300245195327591],[-75.53791597762313,6.300262327112023],[-75.53792739881271,6.300286597813681],[-75.53793025455929,6.3003108676171],[-75.53793739167992,6.300332282572185],[-75.537954525261,6.300363692191127],[-75.53799449942466,6.300385107146269],[-75.5380201984488,6.300396529234206],[-75.5380673097331,6.300409377847984],[-75.53809300875724,6.300422227360002],[-75.53810157509861,6.300440786568572],[-75.53810237010828,6.300452709018543],[-75.53810300342104,6.300462202422011],[-75.53810157509861,6.300486472225373],[-75.53810300342104,6.300517880946018],[-75.53810443084518,6.300543579071814],[-75.5381072856934,6.300577844437328],[-75.53812013610377,6.300602114240689],[-75.53815725541921,6.300636377809553],[-75.53819437473464,6.300680636042273],[-75.53823577722079,6.300736316362872],[-75.53823898780217,6.300741213083427],[-75.53829288406723,6.300823403607524],[-75.53836569617226,6.30092048641427],[-75.53840709865841,6.30094618364177],[-75.53844278965141,6.300944757115928],[-75.53849561332714,6.300929051857338],[-75.5385156017565,6.300904782053976],[-75.5385255964203,6.300883366200537],[-75.53852987779436,6.300860523821257],[-75.53852918070112,6.300850750143184],[-75.53852702294608,6.300820548759248],[-75.53852416809787,6.300794849735155],[-75.53852273977543,6.300774863102447],[-75.53852416809787,6.300746309230078],[-75.53852702294608,6.300722039426716],[-75.53853522367285,6.30070095056027],[-75.53853701581329,6.30069634130092],[-75.53855843166673,6.300673498023343],[-75.53858412979253,6.300650654745766],[-75.5386069730701,6.300640660980264],[-75.53863029065849,6.300637330024529],[-75.53863058889942,6.300637543823768],[-75.538664556024,6.300662076833703],[-75.53869120636477,6.300679208618135],[-75.53871976023714,6.300707761592207],[-75.53874640967962,6.300736316362872],[-75.53878257678008,6.300764869336945],[-75.53882826333523,6.30079151877942],[-75.53887585162533,6.300814362056997],[-75.53891582668734,6.300829591208128],[-75.5389481876229,6.300835300904623],[-75.53897864502687,6.300844818562609],[-75.53902813774693,6.300871468903381],[-75.53907953399852,6.300917154560238],[-75.53910808787089,6.300938094306161],[-75.53915377262939,6.300953322558996],[-75.53917852033686,6.300976164938277],[-75.53918511307802,6.300984819314579],[-75.53919213341754,6.300994032443498],[-75.53920897684253,6.301016140000286],[-75.53922230156377,6.301033271784718],[-75.53924271759149,6.301093802113428],[-75.53925342372162,6.301134253282896],[-75.53926770155613,6.301172323914955],[-75.53929149704862,6.301219913103409],[-75.53930934209598,6.301259174902498],[-75.53932599867125,6.301316281748939],[-75.53934265524651,6.301355542649674],[-75.53936525957204,6.301394804448819],[-75.53939619308346,6.301429306071384],[-75.5394176080386,6.301478084630219],[-75.53943188497482,6.301517346429307],[-75.53943426371558,6.301544710032999],[-75.5394335181133,6.30155104944896],[-75.53943188497482,6.301564934719408],[-75.53943188497482,6.301585161202468],[-75.53943664425293,6.301610145167047],[-75.53945924857845,6.301636319400359],[-75.53948661128385,6.301658923725824],[-75.53951074993307,6.301673552801901],[-75.53952587308294,6.301682719218377],[-75.539581790559,6.301720789850435],[-75.53959725686553,6.301741015435198],[-75.53961153380175,6.301766000298073],[-75.53961867092238,6.301802880661455],[-75.53962224172847,6.301824297413248],[-75.5396230681792,6.301830494895341],[-75.53962461957093,6.301842141562247],[-75.53962461957093,6.301870696332969],[-75.5396258107379,6.301896869667928],[-75.5396293797474,6.301919474891747],[-75.53963821738017,6.301942056759344],[-75.53964008767412,6.301946839393736],[-75.53966388226831,6.301969443719258],[-75.5397007626317,6.301990858674401],[-75.5397129015758,6.301994025238287],[-75.53972812803198,6.301997996693331],[-75.53978047560025,6.302019411648416],[-75.53980308082407,6.302026550565699],[-75.53981735686199,6.302028930204756],[-75.53984209558627,6.30203005489642],[-75.5398435319936,6.302030119575136],[-75.53986137704089,6.302032499214249],[-75.53987446460673,6.302038447862799],[-75.53990539811821,6.302053914169392],[-75.53993038208279,6.302080089301],[-75.53994941829711,6.302109831645396],[-75.53996488280706,6.302131246600538],[-75.53997678100251,6.302146712907131],[-75.5399981959576,6.302149093444484],[-75.54001604100495,6.302150282814921],[-75.54003507721933,6.302156230565117],[-75.54005292406327,6.30216812876057],[-75.5400755292871,6.30218240479843],[-75.5400993238813,6.302201441012755],[-75.54012430784593,6.302229994885181],[-75.54014307815874,6.302246417898289],[-75.54014334406025,6.302246650562097],[-75.54014425225773,6.302247082652116],[-75.54016832802483,6.302258547859196],[-75.54019926063802,6.302265686776479],[-75.54021472694455,6.302265686776479],[-75.54024447108566,6.302265686776479],[-75.54026707541118,6.302260928396606],[-75.54029087000538,6.30225497884976],[-75.5403134752292,6.302251409840267],[-75.54033607955472,6.302251409840267],[-75.54035154586126,6.302253788581027],[-75.54036820243653,6.302266876146859],[-75.54037891036324,6.302297808759988],[-75.54038187839933,6.302319934283048],[-75.54038255932284,6.302325014260077],[-75.54037875136135,6.302349761069252],[-75.54037208765322,6.302376411410023],[-75.54037201399132,6.302376598259741],[-75.54036257089354,6.302400205105869],[-75.54036066826023,6.302423999700125],[-75.54036257089354,6.302455409319009],[-75.5403756728324,6.302484732149935],[-75.54038255932284,6.302500142760891],[-75.54040635301874,6.302534407228052],[-75.54043490689111,6.302568670796973],[-75.54045679705541,6.302594368922769],[-75.540499627864,6.302616259985371],[-75.54054531441909,6.30263719973135],[-75.54060527521546,6.30265623504738],[-75.5406528662005,6.302669559768617],[-75.54068998371929,6.302686691553049],[-75.54070902083197,6.302704775552399],[-75.54071758627504,6.302720004703588],[-75.54073186410955,6.302743800196083],[-75.540748043679,6.302756172702345],[-75.54077564623475,6.302767593891986],[-75.54080800627202,6.302775208018431],[-75.54084131942255,6.302788532739612],[-75.54087368035817,6.302807568953995],[-75.54089271477591,6.302824700738427],[-75.54093173672459,6.302851351079198],[-75.5409840869878,6.302884664229737],[-75.54104309736584,6.302934156051435],[-75.54107260165654,6.302963662138779],[-75.5410944927192,6.302993167327827],[-75.54111162630022,6.30302552826339],[-75.54112495012316,6.303069310388594],[-75.54114779340074,6.303097863362666],[-75.5411782508047,6.303113091615501],[-75.54122108071493,6.303123562386759],[-75.5412772353464,6.303131175614908],[-75.54135052355895,6.303148308297637],[-75.54139620831745,6.30315782595568],[-75.54141839492604,6.303162497198855],[-75.54145046121397,6.303169247145263],[-75.54149900171905,6.303174006423433],[-75.54153136265461,6.303174006423433],[-75.54157419166654,6.30318733114467],[-75.54160369685553,6.303211125738869],[-75.54162463660151,6.303234920333068],[-75.54166841872672,6.303270136116907],[-75.54171600881347,6.303298689989276],[-75.54173885209104,6.303312966925489],[-75.54178263421625,6.303340567684586],[-75.54181594467184,6.303356749050693],[-75.54185972769534,6.303369121556955],[-75.54188733025109,6.303369121556955],[-75.5419120761619,6.303364363177081],[-75.54195014769232,6.303368170240333],[-75.54197774934977,6.303388157771337],[-75.54205389241054,6.303429084149968],[-75.54210957632444,6.303444904393018],[-75.54213764869945,6.303452878744167],[-75.54219380422921,6.303478576869963],[-75.54224139431597,6.303526166058418],[-75.54229564541583,6.303611826777228],[-75.54233561957949,6.303689873369592],[-75.54237273979328,6.303759353620649],[-75.54237620190315,6.303768750904283],[-75.54239272732428,6.303813604720517],[-75.5424000728542,6.303827165698806],[-75.5424174741334,6.303859291275614],[-75.54244697932245,6.303894507059454],[-75.54247458097984,6.303914493692162],[-75.54250884544706,6.303925915780098],[-75.54252978429469,6.303919252970331],[-75.54255262667397,6.303912591058861],[-75.54257070977502,6.303913543273836],[-75.54260116807734,6.303918301653653],[-75.54262305913994,6.303926867995017],[-75.5426611306703,6.303937336969682],[-75.54268873232775,6.303949710374297],[-75.54274012768104,6.303953518335788],[-75.54275726036377,6.303950661690919],[-75.5427858142362,6.303943999779449],[-75.54280389733725,6.303943999779449],[-75.54283625917117,6.303943999779449],[-75.54286766789176,6.30394304756453],[-75.54288955895436,6.303935434336438],[-75.54290573942217,6.303924963565123],[-75.54291335265026,6.303907831780691],[-75.5429247738399,6.303882133654895],[-75.54295237639565,6.303863098338809],[-75.54297997805304,6.303845014339458],[-75.54301424341855,6.303822171061881],[-75.54305516889889,6.303792665872834],[-75.54309228821432,6.303752690810825],[-75.5431019792473,6.30373234215682],[-75.54311132442865,6.303712715748873],[-75.54311196133472,6.303711866840217],[-75.54314558889587,6.303667030092015],[-75.54317128702166,6.303637524903024],[-75.54319127455267,6.303625152396762],[-75.54322458680491,6.303616586055398],[-75.54326075480367,6.303614681625447],[-75.54330072986568,6.303620393118592],[-75.54334831905413,6.303627055030063],[-75.54336735526846,6.303632765624855],[-75.54337185313665,6.303635015008126],[-75.54338258172464,6.303640379751243],[-75.54339495602756,6.303648946990961],[-75.54342350989992,6.303655608902432],[-75.54344920802578,6.303655608902432],[-75.54345874634504,6.3036517066177],[-75.54346467433231,6.30370748126154],[-75.54348180611674,6.303885464610573],[-75.54349037155981,6.303921632609388],[-75.54350084143277,6.303937813077198],[-75.54351226441906,6.303953042228329],[-75.54352463692533,6.303972076646062],[-75.54353955615744,6.303981624846813],[-75.54354843241782,6.303987305797193],[-75.5435731783287,6.303993967708664],[-75.54358603502732,6.303992454944535],[-75.54360553926426,6.303990160645469],[-75.543624573682,6.303988258012168],[-75.54366550095898,6.303990160645469],[-75.54374830593122,6.3040053897966],[-75.54380065439778,6.304028233074177],[-75.54384729226956,6.304063448858017],[-75.54388155583842,6.304075822262575],[-75.54390059205281,6.304080580642449],[-75.54392343533038,6.304089146983813],[-75.54394342196304,6.304109133616464],[-75.54396150596244,6.304133881323992],[-75.54396721565894,6.304164337829661],[-75.54397863774687,6.304207167739889],[-75.54400052880948,6.304245239270301],[-75.54402813136522,6.304277600205864],[-75.54405573302262,6.304297587736869],[-75.5440785763002,6.304303298331661],[-75.54411759824893,6.304301394800063],[-75.5441480556529,6.304300442585088],[-75.54416726614056,6.304302137707396],[-75.54418041569016,6.304303298331661],[-75.54419572658804,6.304310502826013],[-75.54420714687939,6.304315878348916],[-75.54421277662573,6.304318526584495],[-75.54422114443929,6.304322265375731],[-75.54425121377074,6.304335699691478],[-75.54425751006761,6.3043385141155],[-75.54428606483827,6.30434327339367],[-75.54430129309111,6.304341369862072],[-75.54432699121696,6.304335659267281],[-75.54435364065938,6.304331852204029],[-75.54436982202549,6.304331852204029],[-75.54438492720902,6.304335496672081],[-75.54438907742895,6.30433650009104],[-75.54439742188629,6.3043385141155],[-75.54441836342886,6.304348031773543],[-75.54444025359317,6.304360405178102],[-75.54447166321211,6.304369922836145],[-75.54450984703197,6.304371450871656],[-75.54453165095794,6.304363754998462],[-75.54454114256481,6.304360405178102],[-75.5445751393338,6.304356627759319],[-75.54457540703197,6.304356598114907],[-75.54463536872669,6.304367067987869],[-75.54465725978929,6.304374682114315],[-75.5446772473203,6.304388006835552],[-75.54471817459722,6.304416560707921],[-75.54475529391266,6.304427029682586],[-75.54479241412645,6.304431788960756],[-75.54481049812586,6.304433693390649],[-75.5448342909234,6.304434644707328],[-75.54488188190845,6.304437499555547],[-75.54489629898194,6.30444097963175],[-75.54490948266755,6.304444162365314],[-75.54492661535028,6.304452727808382],[-75.54494850461629,6.304459390618149],[-75.54496754172897,6.304467956959513],[-75.54499228943644,6.304479378149153],[-75.54501417960074,6.304494607300285],[-75.5450284556386,6.304517449679565],[-75.54504463700471,6.304545052235312],[-75.5450779483586,6.304564086652988],[-75.54509888810458,6.304580268019095],[-75.54511031019251,6.304601206866778],[-75.54511982785056,6.304620243081104],[-75.54513695963499,6.304632615587366],[-75.54516646482398,6.3046478438402],[-75.54519311516475,6.304660217244816],[-75.54521500622735,6.304677349927545],[-75.54522833094859,6.304709709964811],[-75.54524355920142,6.304750637241796],[-75.54527877588356,6.304825828087587],[-75.54529856488676,6.304855924368553],[-75.54532446064206,6.304895308338644],[-75.54539147501566,6.304959288200791],[-75.54540941708115,6.304964260379847],[-75.54543238522461,6.304971370550959],[-75.54543565958647,6.304972147594299],[-75.54545032369685,6.304975625873851],[-75.54546755160106,6.304981316705721],[-75.54548335387784,6.304990600801602],[-75.54549486939067,6.305004919060309],[-75.54550352197037,6.305022114625217],[-75.54551288781295,6.305037873782794],[-75.5455215430876,6.305055070245942],[-75.5455215466809,6.305056504856623],[-75.54553881590766,6.305077264939371],[-75.54555176513281,6.305091578706538],[-75.54556685414667,6.30510230010799],[-75.54558409013578,6.305111578813921],[-75.54560347399843,6.305119416621039],[-75.5456221428015,6.305127257123104],[-75.5456289915627,6.305131401953133],[-75.5456386637311,6.305137256278499],[-75.5456537518466,6.305147259027137],[-75.54566598421559,6.305162293243711],[-75.54567606691438,6.305177331951882],[-75.54568185296773,6.305194537398222],[-75.54568549114754,6.30521318194684],[-75.54568840977623,6.305231112334184],[-75.54569133289647,6.305250477332208],[-75.54569138679545,6.305269850415016],[-75.54569141015162,6.305277946937167],[-75.54569143979609,6.30528850574342],[-75.54568718896473,6.305307172749906],[-75.54568293903179,6.305325840654689],[-75.54568152508239,6.30533000524764],[-75.54567995123273,6.305334639659918],[-75.54567440413143,6.305350978231331],[-75.54567608577901,6.305353904046513],[-75.5456830522196,6.305366022329395],[-75.54569741719075,6.305374114359893],[-75.5457054670004,6.30537844783629],[-75.5457089093473,6.305380300163847],[-75.54571705887008,6.305388409262378],[-75.54572619474379,6.30540703943791],[-75.545726840633,6.305408925901531],[-75.54572746675927,6.305410756669517],[-75.54573535397373,6.305433801169897],[-75.54573579055528,6.305436518575789],[-75.5457441116564,6.305488308289796],[-75.5457532619032,6.30551172109972],[-75.54576143029055,6.305526527144025],[-75.54578200711688,6.305533165699273],[-75.54578564529669,6.305533982268514],[-75.54578717602715,6.305534326323539],[-75.54579253088883,6.305535528270354],[-75.54580258124821,6.305539327248709],[-75.54580833316555,6.305544571617531],[-75.545811697359,6.305550780777708],[-75.54581602364885,6.305559380356783],[-75.545827037003,6.305565567059091],[-75.54583709365062,6.305571757354642],[-75.54584573634884,6.30558464818921],[-75.54584960180262,6.305599465911655],[-75.54585105976946,6.305608072677273],[-75.54585197335683,6.305611827638131],[-75.54585396312677,6.305620022975006],[-75.5458573389983,6.305630536865465],[-75.54586512380479,6.305649685369303],[-75.54586841164132,6.305657772009965],[-75.5458780227242,6.305675443682333],[-75.54589431817647,6.305689749364603],[-75.54593612131151,6.305708007637293],[-75.54595786684695,6.305715529237148],[-75.54596513602002,6.305718043623642],[-75.54597134607849,6.30572019059889],[-75.5459875651739,6.305725800582309],[-75.54599500502701,6.305728340121675],[-75.5460301390641,6.305740328148659],[-75.54603194378092,6.305740355098123],[-75.54604100060283,6.305740491642155],[-75.54606502067435,6.305740856358454],[-75.5460735627612,6.305740984817646],[-75.54609144194455,6.305741256109116],[-75.54610030832345,6.3057413899582],[-75.54612048000928,6.305741696283917],[-75.54612436612427,6.3057417546745],[-75.54628640705931,6.305686790311711],[-75.54641846669784,6.305652525844494],[-75.54659570624125,6.305611713552025],[-75.54662032638788,6.305606045178024],[-75.54663547379226,6.305602557017039],[-75.54670033041083,6.305577647612665],[-75.54672339197919,6.305568791115206],[-75.54673398402315,6.305564722642032],[-75.5469270518945,6.305513578817227],[-75.54694956279513,6.305507615795591],[-75.54704090536262,6.305500544252027],[-75.54706020837688,6.305499050352523],[-75.54714658235855,6.305491912333594],[-75.54717068507517,6.305495587344353],[-75.54730576844537,6.305516182136955],[-75.54734997188075,6.305537933062283],[-75.54735073994095,6.305538311253315],[-75.5474189302102,6.30556361681505],[-75.54744045835315,6.30558630737886],[-75.54744639442526,6.305592563251537],[-75.54750552517766,6.305657068628534],[-75.54751722933679,6.305669837292157],[-75.54753276930529,6.305686790311711],[-75.54760486635081,6.305757459933091],[-75.54760654620173,6.305758165111172],[-75.54765012710413,6.30577643955354],[-75.5476933819179,6.305794579248527],[-75.54774253237952,6.305791939996141],[-75.54779974432893,6.305788868653735],[-75.54781939139815,6.305782371134114],[-75.54788296432315,6.30576134514979],[-75.54792308401403,6.305748076124189],[-75.54798320111735,6.305728191899505],[-75.54799248072163,6.305729620221939],[-75.54802032043278,6.305761743103801],[-75.54802960003707,6.305778874888233],[-75.54803792113819,6.30579463224916],[-75.5480862720986,6.305886188615887],[-75.54809670064901,6.30590593809319],[-75.54818450924137,6.305952215740206],[-75.5482044356869,6.305961498937791],[-75.54829015120299,6.305956621081862],[-75.54835869001886,6.30592381997144],[-75.54841623344686,6.305896281196169],[-75.54843940281313,6.305885193281767],[-75.54849002561468,6.305860965699253],[-75.54849127427394,6.305860919885163],[-75.54850929988277,6.305860253334686],[-75.54852653677017,6.305862438039185],[-75.5485599819732,6.305866677192398],[-75.54857133489077,6.305872951031347],[-75.54859270403182,6.305884760293452],[-75.5486101538201,6.305894402817387],[-75.54861423397136,6.305896657590552],[-75.54872283498588,6.305938105890789],[-75.548758708337,6.305951796226623],[-75.54876199797019,6.305953052072425],[-75.54882023399983,6.305946747690712],[-75.54882349309031,6.305946394652551],[-75.54883242324968,6.305945428064547],[-75.5488486297686,6.30594367365336],[-75.54890048326308,6.305938060974995],[-75.54900398902925,6.30589451690355],[-75.54902326329733,6.305898800074203],[-75.54906038261277,6.305918073443991],[-75.54910963817736,6.305953052072425],[-75.54915043340185,6.305997136930102],[-75.54915389641008,6.306000879314581],[-75.5491545180447,6.306006427314173],[-75.54916037416672,6.306058686847507],[-75.54916278434854,6.30608019522748],[-75.549163175116,6.306083684286818],[-75.54916617459315,6.306096181659029],[-75.54917602462808,6.306137222123766],[-75.5491810228583,6.306148416937788],[-75.54921171562108,6.306217172247784],[-75.54929574679466,6.306334889373034],[-75.54929883430674,6.306339213866295],[-75.54930941916416,6.306354042368469],[-75.54932394583221,6.306374391920826],[-75.54937375835271,6.30644417220941],[-75.54939279995699,6.306467099928682],[-75.54941020033789,6.306488051352744],[-75.5494560369118,6.306543242989449],[-75.54946495179979,6.30655397786569],[-75.54947527075569,6.306566403372585],[-75.54952944909195,6.306631637283886],[-75.54958362563161,6.306696871195129],[-75.5497378152848,6.306712574657126],[-75.54977696928597,6.306686140810541],[-75.5498784412647,6.306617635232385],[-75.54988389763605,6.306614792960545],[-75.54991270573186,6.306599789286736],[-75.54997195416365,6.306597647701381],[-75.54999765228945,6.306612637900457],[-75.5500290610101,6.306625487412532],[-75.55006475290139,6.306634767016817],[-75.55012757124098,6.306632626329758],[-75.55017468432192,6.306619062656523],[-75.55017792364941,6.306618603617039],[-75.5502553477088,6.306607640568586],[-75.5502877589501,6.306612325286494],[-75.55043809123435,6.3066340528556],[-75.5505018689754,6.306644682628814],[-75.55050845902161,6.30664578126931],[-75.55053231739623,6.306649758114247],[-75.55055807840421,6.306670882014942],[-75.5505607122667,6.306673041566626],[-75.55057939184962,6.306688359651048],[-75.55058444936867,6.306689690955352],[-75.55058990484173,6.306691127362626],[-75.55062197023136,6.306699564346502],[-75.55062951967903,6.306701551421497],[-75.55063154627993,6.30670208412289],[-75.55063364384779,6.306702635688907],[-75.55066219682186,6.306729762137195],[-75.55066624283711,6.306738105696184],[-75.55066718786554,6.306740055940224],[-75.55069996741639,6.306807663202392],[-75.55070168679322,6.30681120975396],[-75.55070788337696,6.306823989197369],[-75.5507193036683,6.306863250098161],[-75.55073072575624,6.306902510998952],[-75.55071587120284,6.306922671006589],[-75.55071073822523,6.306929637447183],[-75.55071787714246,6.306996738059127],[-75.55071923359964,6.307001035602866],[-75.55073967388188,6.307065761067292],[-75.55074357526831,6.307078114708929],[-75.5508006821147,6.307122372941592],[-75.55087206589735,6.307122372941592],[-75.55093773908516,6.30710524115716],[-75.5509848521661,6.307092391645085],[-75.55104481475911,6.30709810313823],[-75.5510638824145,6.307096803274987],[-75.5510729086937,6.307096187030197],[-75.55110763220034,6.307093819967577],[-75.55124611659488,6.307080971353798],[-75.55129494725605,6.307082160724178],[-75.55130465176376,6.30708239787964],[-75.5513217763617,6.307085164692865],[-75.55134213759214,6.307088455224402],[-75.55137279172732,6.307093407640536],[-75.55141363096931,6.307100005771531],[-75.55149358109333,6.307099053556556],[-75.55150765141684,6.307089674239194],[-75.5515142809889,6.307085253626155],[-75.55151626896219,6.307080132326632],[-75.55152273414245,6.307063479344663],[-75.55153053871186,6.307052819028684],[-75.55153450837025,6.307052416583133],[-75.55166870869584,6.307069549265861],[-75.55176991567134,6.307094538620333],[-75.5517901412561,6.307099533257315],[-75.55179497060288,6.307100726220938],[-75.55180838425741,6.307104038312048],[-75.55182289834903,6.307107620796273],[-75.55185659867374,6.307123749161747],[-75.55195614825624,6.307171389554128],[-75.55196001460831,6.30717197974775],[-75.5520123028877,6.307179955895549],[-75.55205323016469,6.307226593767325],[-75.55205643176294,6.307241135706704],[-75.55207607344227,6.307330337587189],[-75.55209758721213,6.307342854722322],[-75.55212842101054,6.307360794991155],[-75.55215126428806,6.307413142559426],[-75.55216371674447,6.307426149276807],[-75.55219409419834,6.307457876899605],[-75.55227785138555,6.307503562556406],[-75.55234257325668,6.307521646555813],[-75.55243299235536,6.307521646555813],[-75.55252055570747,6.307495949328313],[-75.55259194038842,6.307461683962799],[-75.55259334265969,6.307461542028875],[-75.55259526056437,6.307461348890968],[-75.5525967787184,6.307461196177201],[-75.55271370802052,6.307449400389828],[-75.55280894658455,6.307439792900198],[-75.55287517582997,6.307449148861338],[-75.55298799892967,6.307465087682147],[-75.55300700639788,6.307466277052526],[-75.55302419836949,6.307467353235097],[-75.55304794894624,6.307468839948058],[-75.55304910597721,6.307468911813373],[-75.5530497267136,6.307469213647551],[-75.5531125657144,6.307499756391508],[-75.5532948331325,6.307535448282863],[-75.55339191504095,6.307561146408659],[-75.55348185803211,6.307611114337817],[-75.55354314923449,6.307639460699193],[-75.5535960726233,6.307663938911901],[-75.55387515604832,6.307773495734637],[-75.55394157034681,6.307799567559869],[-75.55396774458012,6.307809328661563],[-75.55409374777219,6.307856318673203],[-75.55421814208023,6.307902708609731],[-75.55432013598056,6.307940745105839],[-75.55437225268162,6.307960181070825],[-75.55455269561992,6.308015398758698],[-75.55458997303896,6.308026805575253],[-75.55459345401346,6.308027706586188],[-75.55461649402224,6.308033669607823],[-75.55469110096266,6.308052979808565],[-75.55474463790131,6.308081533680934],[-75.55487224009585,6.308131035384122],[-75.55500678627305,6.308183229340329],[-75.55502065627212,6.308188610253183],[-75.5550694348309,6.308235009172904],[-75.555260600069,6.308442194080158],[-75.55528239680842,6.308465817096021],[-75.55530500203224,6.308537200878675],[-75.55531014758628,6.308542009564235],[-75.55531985299234,6.308551078962523],[-75.5553229162499,6.308553940997342],[-75.55535486306184,6.308583792936304],[-75.55537757518522,6.308605014753482],[-75.55545490761642,6.308631992081303],[-75.555479891581,6.308640706644837],[-75.55567834395845,6.308784092251472],[-75.55570712959639,6.308804890063527],[-75.55580162525303,6.308880654933262],[-75.55581483229486,6.308891245180575],[-75.55583919103151,6.308910776367043],[-75.55588350406151,6.308949181172693],[-75.55589169490679,6.308956279665722],[-75.55592841986152,6.308988108798246],[-75.55593674904742,6.309009221020858],[-75.5559795789577,6.309117788797664],[-75.55599024376522,6.309166376913481],[-75.55599028598607,6.309166568254795],[-75.55599213561874,6.309169750090064],[-75.55600014769914,6.309183530257485],[-75.55602003012717,6.309217727350983],[-75.55603406811133,6.309231765335142],[-75.5560545317498,6.309252228973605],[-75.55605154395079,6.309263256700831],[-75.5560347759843,6.309325138995121],[-75.55600456292228,6.309436637078704],[-75.55595885301096,6.309692992210557],[-75.55595838858159,6.309695592835396],[-75.5559579250505,6.309698194358532],[-75.55597003614685,6.309702554784394],[-75.55599839328801,6.309712766840676],[-75.55608696005908,6.309745667664174],[-75.55613561644691,6.309762632361867],[-75.556186815069,6.309788518235678],[-75.55619950378252,6.309794933110254],[-75.55629546010101,6.309848567965332],[-75.55632301504596,6.309866899899987],[-75.55643507098381,6.309941449348173],[-75.55657939802563,6.310038139590858],[-75.55659935591223,6.310051511024483],[-75.55664103058808,6.310079430685789],[-75.55667961865015,6.310105283321946],[-75.55678046360435,6.310172843871669],[-75.55696157219478,6.310294176718855],[-75.55703625189881,6.310344208428432],[-75.55703316618337,6.310349220133446],[-75.55702995739858,6.310354432162853],[-75.55698879027125,6.310421291127795],[-75.55696852426229,6.310454205426026],[-75.55693498293948,6.310508678409974],[-75.55672535730764,6.310849129394171],[-75.55669502656622,6.310898387653708],[-75.55633541090845,6.311322090971544],[-75.55649350104972,6.311463344874312],[-75.55649892598007,6.311466564438888],[-75.55650072800194,6.311467633434916],[-75.5565160146453,6.311476704629854],[-75.55653130308531,6.311485776723146],[-75.55660923738822,6.311532023827453],[-75.55663821616406,6.311549220290658],[-75.55675002865826,6.311551155263317],[-75.55676849444194,6.311551475063823],[-75.55677401189882,6.3115515711836],[-75.55678620474191,6.311551782287893],[-75.55691577784171,6.311554023586325],[-75.55692148843656,6.311555451010406],[-75.55692070869827,6.311557758784204],[-75.55688294079869,6.311669664703288],[-75.55693576537271,6.311695363727438],[-75.55705711798288,6.31166109926022],[-75.55708018314448,6.311707563757011],[-75.55707348440205,6.311746416822359],[-75.55705600137605,6.311814707702979],[-75.55705960991145,6.311815802750175],[-75.55710681372227,6.311830126398775],[-75.55746421143783,6.311938570207985],[-75.55756033394476,6.311977901177443],[-75.55793323030628,6.312107680889937],[-75.55794170771435,6.312115054267679],[-75.5579787758258,6.312147287642404],[-75.55801418384925,6.312178079219905],[-75.55801757229722,6.312181024798065],[-75.55802132366483,6.312184286583488],[-75.55802432314192,6.312186895293166],[-75.55805251678959,6.312211412133422],[-75.55808847278581,6.312224823991301],[-75.55812429044136,6.312238183746842],[-75.5582489740072,6.312266736720915],[-75.5584212467615,6.312282917188725],[-75.5585088110119,6.312284820720322],[-75.55859923011059,6.312251509366376],[-75.5587305773845,6.312202967963003],[-75.55880100895217,6.312142053155071],[-75.55888762098766,6.312107788687854],[-75.55896376404843,6.312069718055795],[-75.55901325676842,6.312039260651829],[-75.55909796527231,6.312016418272549],[-75.55919314364911,6.312016418272549],[-75.55929688836733,6.312049729626494],[-75.55939968087057,6.312103030308037],[-75.55947011333654,6.312127777117212],[-75.55954435196742,6.312144908901644],[-75.55969187881084,6.312136342560223],[-75.55991935487998,6.312140149623474],[-75.56002976240791,6.312145861116562],[-75.5601125682785,6.312147763749863],[-75.56020679444038,6.312173461875659],[-75.56033814081599,6.312174414090634],[-75.56048185969786,6.312141101838392],[-75.56072266138654,6.312044019929999],[-75.56081308138351,6.312005948399587],[-75.56088589169195,6.311970255609936],[-75.56098011875213,6.311973112254861],[-75.56104579193993,6.311991670565078],[-75.56113288098118,6.31200880414616],[-75.5612276775737,6.312061182257139],[-75.56136152306448,6.312105797121319],[-75.56146265008982,6.31212661828954],[-75.56153998162273,6.312111745769869],[-75.56160541765507,6.312084976851395],[-75.56171109015946,6.312007375823725],[-75.56187098861079,6.311984533444445],[-75.56204516579498,6.311978821951357],[-75.56219078910681,6.31200880414616],[-75.56225788971875,6.31200880414616],[-75.56226709835607,6.312007086565984],[-75.56234212301342,6.311993098887513],[-75.56244919778902,6.311965973337578],[-75.56250630463546,6.311945985806574],[-75.56257626189227,6.311961690166925],[-75.5627018967748,6.312005948399587],[-75.56292889763472,6.312058772075318],[-75.56308023064304,6.312053062378823],[-75.56318730721529,6.31202736335473],[-75.56332008101504,6.311997382058223],[-75.56341716292349,6.312010230671945],[-75.56345793928335,6.312026186560729],[-75.56351567315437,6.312048779208169],[-75.56352722190485,6.312053477400809],[-75.56353520973073,6.3120567257115],[-75.56354776459511,6.312061832637937],[-75.56359029806111,6.312079135102408],[-75.56359990644904,6.312083042777033],[-75.56369127686435,6.312090180795963],[-75.56380263570895,6.312083042777033],[-75.56388115840883,6.312058772075318],[-75.56398537833621,6.31200880414616],[-75.56404391260679,6.311934563718637],[-75.56411529728774,6.311907439066999],[-75.56415669977383,6.311898871827339],[-75.56420952434792,6.311897445301497],[-75.56429518416843,6.311904583320484],[-75.56438798290617,6.311950268977284],[-75.56450077007321,6.311997382058223],[-75.56467780210568,6.312094463966616],[-75.56476774509684,6.312155853983768],[-75.56483627403122,6.312200112216431],[-75.56501330606363,6.312237232430221],[-75.56511609766858,6.312287201257732],[-75.56524744404419,6.312355729293756],[-75.56530883495964,6.312384283166125],[-75.56542304865252,6.312464232391847],[-75.56546730688518,6.312539899345154],[-75.56554297383849,6.312601289362249],[-75.56560579127978,6.3126169937226],[-75.56574998716746,6.312645546696615],[-75.56581380802766,6.312695693390708],[-75.56584992392413,6.312724070294848],[-75.56590560334644,6.312776893970579],[-75.56601125069795,6.312804018622217],[-75.56608977429613,6.312821152203242],[-75.56612974935814,6.312839711411812],[-75.56621255433038,6.312829717646309],[-75.56628536463882,6.312811158437739],[-75.566403863299,6.312798308925721],[-75.56648238510058,6.31275547811714],[-75.5665880333504,6.312706936713766],[-75.56666512682949,6.312671245720765],[-75.56675792556723,6.312631270658756],[-75.56685215262746,6.312619848570819],[-75.5669292479032,6.312629843234618],[-75.56694354011074,6.312636274278873],[-75.56698635474964,6.312655541360471],[-75.56707058804432,6.312672673144903],[-75.56720002999003,6.312689804929335],[-75.567299967645,6.31268123858797],[-75.56735041168167,6.312668866081708],[-75.56737135142765,6.312634601614491],[-75.56738182130061,6.312603192893846],[-75.56739895308505,6.312553700173851],[-75.56742560342582,6.312534663959468],[-75.5674465422735,6.312518484390012],[-75.56747319171592,6.312505158770477],[-75.5675141189929,6.31248707477107],[-75.56765974230473,6.312439485582672],[-75.56774254727696,6.312409029077003],[-75.56776634187116,6.312377620356358],[-75.56777300378263,6.312338596611028],[-75.56777014893436,6.312308140105358],[-75.56776919671938,6.312279586232989],[-75.56778728071879,6.312243418234175],[-75.56781107621134,6.312218672323354],[-75.56785200258997,6.312196781260752],[-75.56790339884157,6.312185360071112],[-75.56797002424435,6.312189167134306],[-75.5680471177235,6.312212010411884],[-75.56814419963194,6.312246273980747],[-75.56823652316052,6.312286249042756],[-75.56833931566376,6.312315754231747],[-75.5683764358775,6.31232051261162],[-75.56850016812672,6.312309092320334],[-75.56856203425133,6.312291958739252],[-75.56869813900681,6.312209153767014],[-75.56882472610425,6.31213110807289],[-75.5689018564143,6.312056387944665],[-75.56891609741785,6.312042591607565],[-75.56897986707406,6.31196454591344],[-75.56903316685731,6.311888402852674],[-75.56907790119749,6.311804645665461],[-75.56911692404452,6.311753249413812],[-75.5691911626754,6.311689479757604],[-75.56923684923049,6.311665685163405],[-75.5692606429264,6.311621903038201],[-75.56926920926776,6.311586687254362],[-75.569282533989,6.311534338787794],[-75.56930252241835,6.311482943434498],[-75.56933678598722,6.311409655221951],[-75.56938913355549,6.31134302981917],[-75.56942815730082,6.31127354956817],[-75.56944624130023,6.311201215367191],[-75.56948336061566,6.311126023623046],[-75.5695404683604,6.311052736308852],[-75.5696080450798,6.310988015335965],[-75.56966800677452,6.310948991590635],[-75.56973939055712,6.310909967845248],[-75.56981743714954,6.310875704276384],[-75.5698517016167,6.310863330871825],[-75.56988563191038,6.310892389597768],[-75.5698916856619,6.310893254676103],[-75.56992972664955,6.310898691284535],[-75.56993269558393,6.310899115289658],[-75.56997976105407,6.310905839184898],[-75.56998381695081,6.310906018848129],[-75.57013676063974,6.310912823591821],[-75.5702557336108,6.310912823591821],[-75.57033663594973,6.310911634221441],[-75.57037113757235,6.310900331609503],[-75.57042431877784,6.310889028997622],[-75.5704451956417,6.310882686886657],[-75.57048071236142,6.31087189721319],[-75.57049387987735,6.310873277924884],[-75.57056922792844,6.310881176817475],[-75.57061491358525,6.310880462656257],[-75.57069415044634,6.310870468890755],[-75.57077552709615,6.310856192852896],[-75.57084048702109,6.310835491160674],[-75.57085035592064,6.310830625881181],[-75.57089116911146,6.310810507196038],[-75.57100252795613,6.310712711126428],[-75.5710988957033,6.310629191992916],[-75.57115957155924,6.31059921069641],[-75.57127710632636,6.310548814270533],[-75.57131395884193,6.310533011993755],[-75.57131984191341,6.310528715348312],[-75.57132230958746,6.310526912428145],[-75.57132521743637,6.310524788809118],[-75.57133066123134,6.310520811964182],[-75.57136016103044,6.31051236060722],[-75.57140013609245,6.310510457075623],[-75.57145724293889,6.310519023416987],[-75.57148392382237,6.31054393641466],[-75.57153243378474,6.310581840858276],[-75.5715822831362,6.310627160002127],[-75.5716323714397,6.31068558467814],[-75.57165521381899,6.310734126081513],[-75.57165521381899,6.310761727738964],[-75.57165902088218,6.31079218514293],[-75.57170185079241,6.310875942330142],[-75.57173611615792,6.31093495270818],[-75.57177799385323,6.310960650833977],[-75.57182082376346,6.310971120706938],[-75.57187126869843,6.310971120706938],[-75.57193140736138,6.310956250882214],[-75.57194744859021,6.310952264155787],[-75.57195929737821,6.310949320374277],[-75.57196424620105,6.310948089681347],[-75.57200303638427,6.310938449852358],[-75.57206067413546,6.31090259177256],[-75.5721132894019,6.310849977404473],[-75.57212729863994,6.310835967268133],[-75.57220439391568,6.310749355232645],[-75.57224817604089,6.310716042082106],[-75.57229100595112,6.310705573107441],[-75.57232907658317,6.310701766044247],[-75.57236334194869,6.310715090765484],[-75.57240617185897,6.310731271233294],[-75.57246137517376,6.310736029613111],[-75.5725127723237,6.310736029613111],[-75.57258891358788,6.310709380170692],[-75.57270503171065,6.310666550260407],[-75.5727802225565,6.310662742298916],[-75.57285160723745,6.310696054551101],[-75.57291823174188,6.310743643739556],[-75.57295344842407,6.310764582587183],[-75.57306290283879,6.310764582587183],[-75.5730999511872,6.310759798156198],[-75.57310213140016,6.310759596035098],[-75.57312996392477,6.31075702325802],[-75.57313119192276,6.310756909171914],[-75.57315997666234,6.310754246563306],[-75.57316000271351,6.310754248359899],[-75.57316744166832,6.310754631042528],[-75.57323136942813,6.310757920675712],[-75.57330084878083,6.31077600467512],[-75.57330515261282,6.310777683627748],[-75.57333987162787,6.310791232927954],[-75.57340078733415,6.310817883268726],[-75.57344266502946,6.310845484926176],[-75.57352261515342,6.310865473355477],[-75.57362445634004,6.310865473355477],[-75.57368822509795,6.310844532711201],[-75.57372724884328,6.310822641648599],[-75.57377579024666,6.310795992206124],[-75.5738129086638,6.310762679953882],[-75.57385954743387,6.310728416385018],[-75.5739280745716,6.310711282803936],[-75.5740162892028,6.310713710952086],[-75.57401813344558,6.310713762156126],[-75.57403182018817,6.310714139448862],[-75.5740946367311,6.310731271233294],[-75.57417553907004,6.310776956890095],[-75.57426310332045,6.31078742586476],[-75.57439444969606,6.310777908206717],[-75.57445726713735,6.310789330294654],[-75.57452579607173,6.310807414294061],[-75.57459717985432,6.310835015053158],[-75.57473138107821,6.310859761862332],[-75.57479610294939,6.310867375988778],[-75.57487129289689,6.310860714077307],[-75.57500930208226,6.310859761862332],[-75.57511970871195,6.310870230836997],[-75.57515974485943,6.31089458328546],[-75.57517673920154,6.310904920207633],[-75.57518173833006,6.310907961007331],[-75.5751970393465,6.310917267561081],[-75.57521203224053,6.310926387265113],[-75.57525505169542,6.310937301804529],[-75.57527580189674,6.310942566834569],[-75.57534578340807,6.310943828070265],[-75.57538145014655,6.31094447126452],[-75.57547472499175,6.310957795985757],[-75.57552897698997,6.310984446326529],[-75.5755442052428,6.311017757680418],[-75.57557466174848,6.311080576020004],[-75.57559020171692,6.311089617570531],[-75.57559838268077,6.311094377746997],[-75.57562701021504,6.31111103342397],[-75.57568411706148,6.311124358145207],[-75.57572314080682,6.311087237931417],[-75.57579071662792,6.311065346868816],[-75.57581672197784,6.311060393554385],[-75.57587066675194,6.311050118615981],[-75.57594300274951,6.311081528234922],[-75.5760424786701,6.311143496767556],[-75.57606249404887,6.311155965393652],[-75.5761171790354,6.311190031333012],[-75.5762022845949,6.311232208167496],[-75.57622473081682,6.311243331116202],[-75.57625364581219,6.311255889573886],[-75.57631895787699,6.311284258393187],[-75.57641889463366,6.311312811367259],[-75.57647124310029,6.311295678684473],[-75.57648552003644,6.311267125710458],[-75.57652073582028,6.311238571838032],[-75.57658831343804,6.311222392268576],[-75.57661496288046,6.311195741927804],[-75.57664732291772,6.311153863334198],[-75.57665779279074,6.311099612234329],[-75.57667492457517,6.311051070830956],[-75.57669701955547,6.31100428204212],[-75.57670728640903,6.310982541896578],[-75.57674630925607,6.310949229644336],[-75.57680648834327,6.310916173412181],[-75.57681388507717,6.3109121103289],[-75.57692524392183,6.310858809647357],[-75.57695665264242,6.310844532711201],[-75.5770013869826,6.310828353141687],[-75.57703279570325,6.310818834585405],[-75.57708990344798,6.310780763953289],[-75.57711845642206,6.310748403017726],[-75.57715557573749,6.310736029613111],[-75.5771993578627,6.310741741106256],[-75.5772469470511,6.310768391447027],[-75.5772869221131,6.310788378079735],[-75.57734307764292,6.310794088674527],[-75.57740494376748,6.31078742586476],[-75.57748584520817,6.310779811738314],[-75.57756865018041,6.310760776422285],[-75.57764479324118,6.31075030744762],[-75.57768191255661,6.31071794561376],[-75.57771617702383,6.310689391741334],[-75.57772302488667,6.310669249700027],[-75.57773235659329,6.310641802552936],[-75.57777804314844,6.310599924857627],[-75.57780945186903,6.310575178048509],[-75.57789606390452,6.310550432137632],[-75.57797601402848,6.310539010947991],[-75.57804404978737,6.310540927056024],[-75.57811116836564,6.310542818011243],[-75.57819682818615,6.310513311923899],[-75.57836910094039,6.310445736102793],[-75.57841764234377,6.310434314014856],[-75.57846237578565,6.310428604318361],[-75.57851948263209,6.310452398014263],[-75.57858706024979,6.310479999671657],[-75.5786270353118,6.310480951886632],[-75.57865844403244,6.310464771418822],[-75.57870984028403,6.310440024609647],[-75.57872982691674,6.310420989293618],[-75.57874886313107,6.31037815938339],[-75.57875742857414,6.310361026700605],[-75.57877009393144,6.310346710238548],[-75.5787786593745,6.310337028188655],[-75.57877902229416,6.310336617658265],[-75.57878606419331,6.310328656781849],[-75.57878993503692,6.310324281084604],[-75.57880121069934,6.31031153398061],[-75.57880515430662,6.310302466378914],[-75.57881072925568,6.310289642918008],[-75.57885451138088,6.310263944792155],[-75.57895159328933,6.310219211350329],[-75.57899251966796,6.310192561009558],[-75.57902488060358,6.310156393010743],[-75.57903059119838,6.310130694884947],[-75.57903534957825,6.310108803822345],[-75.57906295213394,6.310097382632705],[-75.57911529970221,6.310102141012578],[-75.57919239497801,6.310115465733816],[-75.57923807973646,6.310127840036728],[-75.57928281407663,6.310124984290155],[-75.57931993429042,6.310087864974719],[-75.57934881784473,6.310029452875142],[-75.57935288272466,6.310021233283692],[-75.57935324025442,6.310020511935988],[-75.57935539531451,6.310016155103369],[-75.57936276420065,6.310001252040934],[-75.57939607735119,6.309973651281837],[-75.57943034092006,6.309956517700755],[-75.57947602567856,6.309964132725497],[-75.57956359082726,6.309940338131298],[-75.57963307107832,6.309916544435396],[-75.57968541864659,6.309883231284857],[-75.5797491892011,6.309848014602721],[-75.5798110553257,6.309828027970013],[-75.57982438004694,6.309811846603907],[-75.57984341536297,6.309810895287285],[-75.57988053467841,6.309821365160246],[-75.57993383535995,6.309808040439009],[-75.57996696794896,6.309791473695327],[-75.57996809892882,6.30979090775628],[-75.57997314117654,6.30978786515999],[-75.57997864875193,6.309784542289094],[-75.58002330224366,6.309757596402335],[-75.58010325236768,6.309725234568475],[-75.58013942036644,6.309713813378835],[-75.58016182077421,6.309691851349271],[-75.58018796087151,6.309666224190437],[-75.58024411640127,6.309614827938788],[-75.5802745738053,6.309595791724405],[-75.58037355924534,6.309573900661803],[-75.58043732890155,6.309561528155541],[-75.58051442327894,6.309540589307915],[-75.58054863744047,6.309519891208936],[-75.58059151765639,6.309493951436139],[-75.58063054140177,6.309453025057508],[-75.58070953931082,6.309414952628799],[-75.58077235675205,6.309378784629985],[-75.58082280078872,6.309345473276096],[-75.5809350381864,6.309267141019177],[-75.58094732894591,6.30925856299973],[-75.5809509832954,6.309256012680578],[-75.58100554431428,6.30921793396368],[-75.5813358128866,6.30908658758807],[-75.581513797134,6.309026624995056],[-75.58157912986007,6.308994653928607],[-75.58160326491605,6.308982842869852],[-75.58162923702821,6.308986621186932],[-75.5817079609509,6.308998072020984],[-75.58184787276957,6.309056130184047],[-75.5819068840459,6.309069454905284],[-75.58192307259856,6.309070654157154],[-75.58193258217176,6.309071359335235],[-75.58198397842335,6.309080876993221],[-75.58201824289057,6.309087538904691],[-75.58205250735773,6.309107527333992],[-75.58208493836196,6.309118036732912],[-75.58215529986097,6.309140838687938],[-75.58224191189646,6.309153212092497],[-75.58233613895663,6.309204609242443],[-75.58237077263169,6.309232645684801],[-75.58237611401864,6.309236969279709],[-75.58246748533224,6.309308353062306],[-75.58253696468495,6.309357845782358],[-75.58259026536649,6.309393061566198],[-75.58263119174512,6.309413049995499],[-75.5826494293566,6.309409850193902],[-75.58268544284505,6.309403532337456],[-75.58264927574453,6.30931501587213],[-75.58267241366974,6.309309925115315],[-75.58269686493298,6.309304545999112],[-75.5827435019064,6.309299786720942],[-75.5827806221202,6.309331196339883],[-75.58280156096782,6.309358797997334],[-75.58281488568906,6.309385448338105],[-75.58285105368782,6.309405434970756],[-75.58292338968539,6.309423518970164],[-75.583005243341,6.309431133096552],[-75.58304997678289,6.309419711906969],[-75.58312326409708,6.30937973684496],[-75.58321653894234,6.309317870720349],[-75.58325590314945,6.30929459535281],[-75.58325706197706,6.309294185720717],[-75.58325971290759,6.309293248777124],[-75.58326142509787,6.309292644210416],[-75.583277796907,6.309286858157066],[-75.58328918216398,6.309282834599742],[-75.58332313940713,6.30927123374687],[-75.58337548697534,6.309280752303209],[-75.58344401590972,6.309296931872723],[-75.5834622050121,6.309312170905343],[-75.58347923169356,6.309326437061713],[-75.5835401456032,6.309359750212252],[-75.58359820466461,6.309375929781766],[-75.58367720257365,6.309383543908154],[-75.58373716516667,6.309386399654727],[-75.58379712775968,6.309363557275503],[-75.5838880750681,6.309307590392052],[-75.58389611319967,6.309302643365811],[-75.58392802767224,6.309292881365877],[-75.58396080003655,6.309282856159314],[-75.58397701464037,6.30927789565834],[-75.58406267535918,6.309259811658933],[-75.58411260915233,6.309269492810472],[-75.58415595020438,6.30927789565834],[-75.58423780385999,6.309313112340476],[-75.58434249989483,6.309371171401892],[-75.58439420426885,6.309378887936361],[-75.58440626955104,6.309380689059935],[-75.58445005167624,6.309377834211659],[-75.58450430277611,6.309345473276096],[-75.58453285664848,6.309321677783544],[-75.58457283171049,6.309317870720349],[-75.58463374562012,6.309330244124908],[-75.58473368417344,6.309356591733206],[-75.58473844165502,6.309357845782358],[-75.58482791033532,6.309365459908747],[-75.5848745482071,6.309371171401892],[-75.58496496730578,6.309380689059935],[-75.58503349624016,6.309392110249519],[-75.58508203674518,6.309419711906969],[-75.58513152856693,6.30947015684194],[-75.58516293818587,6.309521553093532],[-75.58519149205824,6.309575805091754],[-75.58520447811435,6.309591451959818],[-75.58521249199134,6.309601107958542],[-75.5852180750253,6.309626805186042],[-75.58522083375374,6.309639501086053],[-75.58525335818285,6.309676694063398],[-75.5853209340039,6.309728090314991],[-75.58540469119112,6.309761402567233],[-75.58543705212674,6.309791859971199],[-75.5855348481964,6.309836356257676],[-75.58568832279002,6.309870857880242],[-75.58579539936227,6.309886324186834],[-75.58586440260751,6.309917256799963],[-75.5859155617037,6.309977933554194],[-75.58598813485673,6.310048127966468],[-75.58607022656605,6.310082629589033],[-75.58618563142596,6.310088579135936],[-75.58626296295881,6.310083819857766],[-75.58637836692037,6.310050506707228],[-75.5864211968306,6.310051696975904],[-75.5864902018725,6.310057645624454],[-75.58661274385298,6.310056456254074],[-75.58674361412113,6.310071921662313],[-75.58683046510862,6.310064783643384],[-75.5869089869102,6.310055265985397],[-75.58697799105374,6.310035041298931],[-75.58706841105072,6.310027902381705],[-75.58710212664681,6.310045215625962],[-75.58711243122968,6.310050506707228],[-75.58712469503973,6.310052907905856],[-75.58712850928941,6.309998592127272],[-75.58713714390285,6.309875618955061],[-75.58735236155178,6.309866650168146],[-75.58758999577822,6.309871600787574],[-75.587614900691,6.309864486124866],[-75.58776327015482,6.309822096389496],[-75.5879190821667,6.309753180280893],[-75.58802070596084,6.309708231243178],[-75.58809496794794,6.309638919875567],[-75.58827814356351,6.309525054729306],[-75.58839200870977,6.309440892401597],[-75.58855538364406,6.309366630414502],[-75.58868905306485,6.309307220285859],[-75.58882272158735,6.309237913409845],[-75.58910986290681,6.309128995289768],[-75.58940690366865,6.309044835657005],[-75.5896989974043,6.308955722709811],[-75.58972538723339,6.308950224117552],[-75.58990580861212,6.30891263408455],[-75.58993663073238,6.308906212921784],[-75.58997399259312,6.308895539131072],[-75.59014456124197,6.308846808183034],[-75.59029359905287,6.308819897330579],[-75.59050101123415,6.308782447434851],[-75.59064163182416,6.30875273832811],[-75.5908525106068,6.308708185447756],[-75.59112480096621,6.308658680151325],[-75.59122879811122,6.30862795325254],[-75.59134263181642,6.308594319403198],[-75.59160006762244,6.308520059212753],[-75.59160020596312,6.308520018788556],[-75.59177334289734,6.308470553916322],[-75.59195652030957,6.308425993849426],[-75.59208655963539,6.308388427172645],[-75.59217930177925,6.308361634897949],[-75.59232782216014,6.308336881800528],[-75.5925159501918,6.308322030840429],[-75.59279813999353,6.308272526442295],[-75.59309518165367,6.308193312937419],[-75.59335756897747,6.308099250269095],[-75.59366451277486,6.307995284565152],[-75.59390709762079,6.30791607285687],[-75.59390767164473,6.307915873430716],[-75.59397574962446,6.30789212375231],[-75.59411997874986,6.307841811768128],[-75.59439721883041,6.307752698820934],[-75.59450693824829,6.307719946219549],[-75.59472891572517,6.307653683736419],[-75.59480883081483,6.30763510027333],[-75.59494179685424,6.307604179338341],[-75.59507615618173,6.30757730711349],[-75.59512896817932,6.307566743815642],[-75.59526359161174,6.307539817691861],[-75.59534043985059,6.307526157000439],[-75.59548637397972,6.307500215430991],[-75.59598144491048,6.307391297310971],[-75.59625868409273,6.307366543315254],[-75.59646166398284,6.307326939257791],[-75.59652087019379,6.307311659800916],[-75.59676860778023,6.307247728447805],[-75.59732803676417,6.307119009646499],[-75.59760032712359,6.307054649796669],[-75.59784786169064,6.306980387809574],[-75.59789025681596,6.306966878035269],[-75.59798134695666,6.306937848953737],[-75.59804570680649,6.306967553568882],[-75.59824868579824,6.307150729184457],[-75.59831467519331,6.307199689203117],[-75.59870910059607,6.307492330911487],[-75.59917446870827,6.307725010925139],[-75.59967448936021,6.307997302182855],[-75.59971161316724,6.308014716936839],[-75.60007549762258,6.308185428417914],[-75.60045175009265,6.308343849139476],[-75.60062007384983,6.308413158710437],[-75.60081315160261,6.308487420697531],[-75.60101613239107,6.308536929587206],[-75.60119435828545,6.308556732065142],[-75.60150130118456,6.308621090118322],[-75.60187755455291,6.308690398790986],[-75.6021745971114,6.308710202167219],[-75.60233301873126,6.308710202167219],[-75.6024518362936,6.308710202167219],[-75.60260035936949,6.308749809817982],[-75.6027290772725,6.308769612295862],[-75.60290347005252,6.308784142557158],[-75.60290730226859,6.308784462357664],[-75.60302116921144,6.308794365393226],[-75.60308552816298,6.308784462357664],[-75.60313433995947,6.308731214676754],[-75.60313998497719,6.308725056720561],[-75.60321424606599,6.308670597211403],[-75.60331326025215,6.308616138600541],[-75.60344197905346,6.308576533644725],[-75.60359545005383,6.308561681786273],[-75.6037390198153,6.30854683172447],[-75.60385783737763,6.308556732065142],[-75.60405091602877,6.308640894392852],[-75.6042885502552,6.308819117592293],[-75.60450638020711,6.309041900858631],[-75.60478362118596,6.309309239700212],[-75.60500640175735,6.309551821851187],[-75.60519947861184,6.309739949882839],[-75.60534305106825,6.30986866778585],[-75.60547671959074,6.309967685565255],[-75.60562028935215,6.310071646777658],[-75.60579851524659,6.310165713937579],[-75.60601139457896,6.310289479424455],[-75.60618466985392,6.310383542991133],[-75.60626388066385,6.310447900146016],[-75.60642725469978,6.310645932111584],[-75.60670944629817,6.310938019558989],[-75.60695698086522,6.311235064812422],[-75.60713025524183,6.31139348463563],[-75.60745700241546,6.31173508636266],[-75.60763027769036,6.311967768172963],[-75.60771444001813,6.312121240969987],[-75.60772434035874,6.312235106116248],[-75.60771876271468,6.312466610234253],[-75.60771444001813,6.312646014719292],[-75.60771939063756,6.312809388755227],[-75.60780850268645,6.31300246560977],[-75.60794217120895,6.313230198597239],[-75.60806098877134,6.313383671394263],[-75.60821445977172,6.313502487160008],[-75.60833822795354,6.313566847009838],[-75.60849665137005,6.313631207757965],[-75.6086105174146,6.313660910576516],[-75.60881349730471,6.313675762434912],[-75.6089917223008,6.313675762434912],[-75.6091253908233,6.313660910576516],[-75.6092541096246,6.313631207757965],[-75.60952639818737,6.313591600107202],[-75.60971452621902,6.31356189728865],[-75.60977203012118,6.313557297012437],[-75.60983829260425,6.313551996948036],[-75.60998186416231,6.313551996948036],[-75.61022939872942,6.313591600107202],[-75.61056604714196,6.313660910576516],[-75.61078882771335,6.313745072904226],[-75.61089774493507,6.313799530616791],[-75.61105885701136,6.313917996937562],[-75.6110660677939,6.313923298798613],[-75.61132350629487,6.314116376551453],[-75.61148687763585,6.314215391635912],[-75.61157755005968,6.314311744111762],[-75.61164796096608,6.314393892415012],[-75.61170663627223,6.314522975034322],[-75.61175357597818,6.314652061246875],[-75.61182398508794,6.314769410960878],[-75.6119530704022,6.314851556569181],[-75.6121525648262,6.314851556569181],[-75.61226991633686,6.314828085368788],[-75.61250461576492,6.314699000952828],[-75.61279799229578,6.314487772725215],[-75.61306789582954,6.314276539107709],[-75.61336127056381,6.314123984389653],[-75.61363187568236,6.314033782683453],[-75.61371332329912,6.314006634675593],[-75.6141240477474,6.31390101966349],[-75.61439285803061,6.313807970295557],[-75.61442915808186,6.313795404651387],[-75.61458171190162,6.313724993744984],[-75.61476947431868,6.313607644030924],[-75.61491029343648,6.313548971419721],[-75.61494811613335,6.31353005917299],[-75.61509805405694,6.313455089312868],[-75.61530928408115,6.313396414905014],[-75.61556745291301,6.313326003100315],[-75.61587256414577,6.313302534594811],[-75.61625982008854,6.313290799892911],[-75.61633342361,6.313293999694508],[-75.61652972362236,6.313302534594811],[-75.61702259637383,6.313361208104368],[-75.6174685249278,6.313455089312868],[-75.61780884116462,6.313513764619074],[-75.61814241374321,6.313573637380443],[-75.61826650621714,6.313595911125674],[-75.61866549596351,6.31368979233423],[-75.61876112439666,6.313715636885547],[-75.61909969340883,6.313807140251583],[-75.61937456642676,6.31394041171842],[-75.61948694755495,6.313994900872046],[-75.61964057576063,6.314063769369852],[-75.61982726379176,6.314147457386753],[-75.61995634910602,6.314217864699856],[-75.62017931383218,6.314276539107709],[-75.62042574796214,6.314276539107709],[-75.6206839176923,6.314276539107709],[-75.62108291013362,6.314241335900306],[-75.6212809376076,6.314222266448269],[-75.62133316390322,6.31422716227047],[-75.6214277116622,6.314236026852768],[-75.62156257674161,6.314248668853793],[-75.62174740436029,6.314319081556846],[-75.62197623688655,6.314451098076177],[-75.62213045169261,6.314553907647451],[-75.62216106360694,6.314574315590335],[-75.6223194861251,6.31468873499756],[-75.62248670944513,6.314811949816772],[-75.62261872865946,6.314908763128699],[-75.62282115698349,6.314996777435454],[-75.6230499904081,6.315014378140859],[-75.62319081132256,6.314996777435454],[-75.62338443794647,6.314961573329754],[-75.62340663533485,6.3149522281484],[-75.6235516621648,6.314891160626701],[-75.62368368227743,6.314855958317594],[-75.62379809809141,6.314785545614598],[-75.62390371310352,6.314715138301437],[-75.62400932721732,6.314600719792509],[-75.62423815974358,6.314407094066951],[-75.62436176712686,6.314283486683678],[-75.62440538486027,6.314239868950267],[-75.62471342909475,6.313993433922008],[-75.62499506822877,6.313782203897745],[-75.62513588914322,6.313702992189519],[-75.62532951576713,6.313614982374361],[-75.6255407457914,6.313526966271013],[-75.6256991692079,6.313518164570837],[-75.62584879002588,6.313509363768958],[-75.62592800263246,6.313509363768958],[-75.62594924690757,6.313537690367411],[-75.62600721344239,6.313614982374361],[-75.62608642515062,6.313755797898921],[-75.6262184425683,6.31393182471578],[-75.62639446758851,6.314125451339692],[-75.62646487759662,6.314204663047917],[-75.6267553202274,6.314433494675882],[-75.62699295535214,6.31465352909521],[-75.6273450035959,6.314908763128699],[-75.62774106123885,6.315128796649788],[-75.62808587175061,6.315321248276348],[-75.62811951637974,6.315340025775697],[-75.62841875891411,6.315489645695379],[-75.62886762226645,6.315700875719642],[-75.62934288982098,6.315832897628866],[-75.6298709648816,6.315973714950076],[-75.63079509758512,6.316299362584914],[-75.63108407326587,6.31640937934543],[-75.63140238525227,6.316510592609177],[-75.63157841027248,6.316528195111175],[-75.63178083769822,6.316572201815404],[-75.6319480628149,6.316589803419106],[-75.63207128122735,6.316625009321456],[-75.63220329864504,6.316704221029681],[-75.63229131115514,6.31679223264149],[-75.63237932456354,6.316889047750067],[-75.6324497336733,6.316959455961523],[-75.63257295208575,6.31706507187198],[-75.63279298381013,6.317109077677856],[-75.6330746238425,6.317109077677856],[-75.63335626387482,6.317109077677856],[-75.63370831481353,6.317161886082204],[-75.6340075582462,6.317249897694012],[-75.63422758907228,6.317276302794539],[-75.63443001739631,6.317320312193658],[-75.63466765072445,6.317434724414397],[-75.63487888074872,6.317628351936605],[-75.6352749383916,6.3180948195876],[-75.63546856681216,6.318341254615859],[-75.63553310273193,6.318448817177114],[-75.63557418092597,6.318517279636069],[-75.63569739844007,6.318834127367381],[-75.6358470201564,6.319159772307273],[-75.63607585358102,6.31960863565962],[-75.63628708360523,6.319987089003916],[-75.63631641182599,6.320043649674233],[-75.63631781858885,6.320046362588528],[-75.63653351863354,6.320462358355087],[-75.6367799536618,6.320867216799854],[-75.63697358118401,6.321113651828114],[-75.63714960620422,6.321316080152201],[-75.63734323372643,6.321483307065535],[-75.63752806044681,6.321536110978286],[-75.63760517638383,6.321543823021159],[-75.63779209797713,6.321562515180517],[-75.63814414891584,6.321588921179284],[-75.63825766012559,6.321583515113616],[-75.63851380235656,6.321571316880636],[-75.63903307481866,6.321544916271762],[-75.63947468157437,6.321569001021999],[-75.6395171449717,6.321571316880636],[-75.63982518920619,6.321580116784219],[-75.63990681379124,6.32159720095791],[-75.64020364344879,6.321659327594148],[-75.64052929018533,6.321782546006602],[-75.64089014102757,6.321949771123229],[-75.64110137105183,6.322090591139386],[-75.64150622859825,6.322451441981684],[-75.64167616213768,6.322697396410888],[-75.64184067703496,6.322935513032974],[-75.64207101873211,6.323231043725627],[-75.64230714468596,6.323533997203356],[-75.64293203305851,6.324194092376615],[-75.6432928856974,6.324607749826612],[-75.64365373564135,6.324995005769324],[-75.6437683356101,6.325162814791383],[-75.64390017066961,6.325355860204866],[-75.64391589389459,6.325377423382122],[-75.64399158689906,6.325481230084108],[-75.64410655068576,6.325638894423605],[-75.64420821490415,6.325778319355038],[-75.6442660772343,6.325904101561321],[-75.64441064412654,6.326218380108912],[-75.64470108585903,6.326755257767957],[-75.64497392508946,6.327239327022653],[-75.64520275761572,6.327564972860898],[-75.64538412132794,6.327733829319413],[-75.6453854454457,6.327735061808937],[-75.64545799434421,6.327802608883928],[-75.6456956276723,6.327961028707193],[-75.64595086619738,6.328172263222996],[-75.64613461493855,6.328356011964161],[-75.64622370542787,6.328445101555133],[-75.64647894035966,6.328682733086623],[-75.64648810318289,6.328691082035562],[-75.6466146327881,6.328806364724471],[-75.6466455519265,6.328834535914211],[-75.64678129376233,6.3289582115695],[-75.6468749980026,6.329043586623811],[-75.64720064384079,6.329325224859531],[-75.64746881901459,6.329599787958387],[-75.64757029638321,6.329703681797071],[-75.64793994892563,6.330126140947243],[-75.64826559656046,6.330513397788309],[-75.6485032307869,6.330865446930375],[-75.64856483909483,6.330971062840831],[-75.64867045320864,6.331085475959867],[-75.64868872315941,6.331093469175585],[-75.64881127502144,6.331147085166094],[-75.64909291505376,6.331111880162041],[-75.64935695258401,6.331085475959867],[-75.64966499681856,6.331076676056284],[-75.64988502764464,6.331094280354932],[-75.65007865516685,6.33126150277667],[-75.65052752031585,6.331675162921613],[-75.65102919207254,6.332238442087942],[-75.65119641629093,6.332379263002395],[-75.651566067935,6.332704907942286],[-75.65177729795926,6.332907337164727],[-75.65190051457506,6.33301295217683],[-75.65196212378129,6.333162572994809],[-75.65197972808,6.333338598913372],[-75.65197092637982,6.333541029034052],[-75.65194847207306,6.33368136485791],[-75.65193571957911,6.333761058961841],[-75.65190931807189,6.333972290782697],[-75.65185650966748,6.334245130013187],[-75.65182130466349,6.334482762442974],[-75.65183010636366,6.334685190767061],[-75.65187427566303,6.334901473818775],[-75.65199944881113,6.335151821911552],[-75.65215591569535,6.335386524034561],[-75.65234367631581,6.33565251360551],[-75.6525157882715,6.33590286259664],[-75.65278178323234,6.336325321746756],[-75.65300083669064,6.336716490754043],[-75.65328247672295,6.337154595873983],[-75.65347023734336,6.33745188457101],[-75.65375187737573,6.337936931193497],[-75.65401787143827,6.338453269755576],[-75.65418998339396,6.33890702713353],[-75.65433080520677,6.339251251044914],[-75.65442468461862,6.339673714686683],[-75.65448727119269,6.340190054147058],[-75.65448727119269,6.340675098972895],[-75.65450487369469,6.340974342405559],[-75.654587019303,6.341209041833622],[-75.65477477812681,6.341490683662585],[-75.65489212873916,6.341666707784441],[-75.65499774375127,6.341866203106804],[-75.65509162406147,6.34206569842911],[-75.65511509436362,6.342276927555076],[-75.65515029936762,6.342499894976129],[-75.65510335876337,6.342781534110145],[-75.65495080404531,6.343297876265467],[-75.6548835983304,6.343653106344505],[-75.6548686593353,6.343732070117539],[-75.65479824932726,6.344060650754159],[-75.65479786215303,6.344062082669836],[-75.6546808987149,6.344494844606231],[-75.6545987540049,6.3449642470556],[-75.6545987540049,6.345445380613626],[-75.65456354810254,6.346079071584654],[-75.65456354810254,6.346630617845676],[-75.65455771174351,6.3469283152765],[-75.65455181429894,6.347229103812708],[-75.6545752837028,6.347956674195586],[-75.6546104878085,6.348390869844309],[-75.6546808987149,6.348789861387274],[-75.65478107532198,6.349175152712974],[-75.65483345433125,6.349376612652406],[-75.65487599408544,6.349530631625555],[-75.65489359568915,6.349706658442358],[-75.65490239738932,6.349873880864095],[-75.6549288006932,6.350049905884305],[-75.65495765011156,6.350208817984708],[-75.65500458891916,6.350420048008914],[-75.65500458891916,6.35059607392742],[-75.6550163254177,6.350842509854033],[-75.65507499982556,6.351112414286149],[-75.65518061483772,6.351323644310355],[-75.65532143485387,6.351581814040571],[-75.65543878456788,6.351769574660977],[-75.65560307488619,6.351933867674234],[-75.65566277067933,6.351993564365671],[-75.6557673661028,6.35209815709419],[-75.6558847149185,6.3522389780087],[-75.65621329555506,6.352825725680475],[-75.65649493558738,6.353306862831801],[-75.65687045682824,6.353928817304279],[-75.65729291687671,6.354632917385061],[-75.65755108660693,6.35500844042258],[-75.658055693162,6.355771214911215],[-75.65840774320242,6.35627581966969],[-75.65856939067504,6.35651207408273],[-75.65863039261967,6.356601230149124],[-75.65886540915324,6.356944714746419],[-75.65924092859746,6.357331970689188],[-75.65941695361767,6.357625347220051],[-75.65961644893997,6.35796566076192],[-75.65976900365808,6.358341182002789],[-75.65976995227976,6.358345067219489],[-75.65977373778338,6.358360589221604],[-75.65979508177156,6.358448103166324],[-75.65984202237581,6.358600657884438],[-75.65991243238386,6.358776680209644],[-75.65995937208982,6.358940969629657],[-75.66002978209792,6.359093526144363],[-75.66011192680793,6.359222610560266],[-75.66022927831858,6.359386900878576],[-75.66038183303664,6.359527720894732],[-75.66046015810701,6.359566884777394],[-75.66054612335495,6.359609868299685],[-75.660698678073,6.359656808903935],[-75.66087610985608,6.359684821990072],[-75.66092164279917,6.359692011213042],[-75.66113287282337,6.359727217115392],[-75.66137930874999,6.359785890624948],[-75.66157880407229,6.359797626225145],[-75.6617665637944,6.359844565931098],[-75.66186301328838,6.359892790228912],[-75.66204820382671,6.359985385947255],[-75.66224769914908,6.360137941563664],[-75.66243545976948,6.360313969278764],[-75.6626818947978,6.360630813416833],[-75.66297527043031,6.360971128755295],[-75.66325691136097,6.361276239089761],[-75.66337397361389,6.361415250795801],[-75.66344467108308,6.361499202917628],[-75.66369110611134,6.36172217033868],[-75.66399234919544,6.361970251081914],[-75.66409009585772,6.362050748280353],[-75.66432479708237,6.362320656305712],[-75.66457123211063,6.362707908655182],[-75.66474725713084,6.363036491088394],[-75.66492328125275,6.36354109584687],[-75.66507583686911,6.364045700605345],[-75.66515798157911,6.364327344230901],[-75.66516020760616,6.364343670225935],[-75.66519318658317,6.364585513062821],[-75.66526359659122,6.365007972212936],[-75.66532227279572,6.365383495250455],[-75.66536921339997,6.365700339388468],[-75.66535747779977,6.366075857036094],[-75.66528706779167,6.366545260383759],[-75.66527533219147,6.366932512733229],[-75.66527533219147,6.367167213957941],[-75.66531053809382,6.367448856685201],[-75.66531053809382,6.367765699924917],[-75.66528706779167,6.368059075557483],[-75.66533400839597,6.368364185891949],[-75.66548656311403,6.368868792447017],[-75.66570952784014,6.369373397205493],[-75.66585034785635,6.369631566037356],[-75.66587381815845,6.369807591057565],[-75.6659324925663,6.370276992608638],[-75.6659324925663,6.370558631742654],[-75.66595596286845,6.37074639236306],[-75.66607331258245,6.370957622387323],[-75.66620239789671,6.371168852411529],[-75.66651924383137,6.371450492443842],[-75.66681261856564,6.371673460763247],[-75.66718813890816,6.371978571097713],[-75.66741843928276,6.372170728974993],[-75.66761206590667,6.372267544981867],[-75.6678497010314,6.372452370803899],[-75.66814014186559,6.372716407435917],[-75.66824792810746,6.372799695702156],[-75.66852739780836,6.373015650868581],[-75.66871834295898,6.373147352079002],[-75.6687228183693,6.37315043869279],[-75.66864097010358,6.373278863744758],[-75.66842763981651,6.373613594252674],[-75.66825739366317,6.373888609204528],[-75.66808714661147,6.37409814500478],[-75.66773355685746,6.374635075664514],[-75.66743307105378,6.375202832936111],[-75.66706187520447,6.375788179234974],[-75.66671923232923,6.376459188947592],[-75.66641942026251,6.377101642991192],[-75.66600125596113,6.377696365014174],[-75.66577696621891,6.378015355229138],[-75.6654873185978,6.378371209637749],[-75.66537626428226,6.378507647668471],[-75.66527727884221,6.378629257196962],[-75.66493198773139,6.378836298373699],[-75.66493714676022,6.378862407029942],[-75.6649657356669,6.379007093398172],[-75.6649796972942,6.379077755833066],[-75.66502043592476,6.379283931931468],[-75.66503920084767,6.379378897407435],[-75.6650412049907,6.379389040293347],[-75.6650813534277,6.379592228592799],[-75.66511835236878,6.379779474478141],[-75.66515779293275,6.37997908208996],[-75.66532402271531,6.380341036962591],[-75.66535665045075,6.380412082080056],[-75.66542982278048,6.380842538039246],[-75.66542992339191,6.380843130927815],[-75.66539951449698,6.381108754884167],[-75.6652952209077,6.3813625803582],[-75.66527909793211,6.381401820597716],[-75.6652677827438,6.381429360271341],[-75.66524039937718,6.381510091031942],[-75.6651820771092,6.381682027815998],[-75.6651158272025,6.381867337830386],[-75.66508151871784,6.381963306725311],[-75.66508145403907,6.381963488185136],[-75.6650899323455,6.382108119756083],[-75.66509793274776,6.38224458653292],[-75.66514245508534,6.382430084295322],[-75.66516910901942,6.382541135915858],[-75.66517455371269,6.382606080569417],[-75.66520669635747,6.382989457583676],[-75.66520676822273,6.382990303797328],[-75.66519797640404,6.383068030589243],[-75.66518349555014,6.383196054093958],[-75.66476425237124,6.383685235665041],[-75.66409984258627,6.38416130631407],[-75.66366425095453,6.384383483217107],[-75.66331270397109,6.384692027813628],[-75.66312239213323,6.384950714075501],[-75.66312224930095,6.384950908111762],[-75.66312341980671,6.384960419481558],[-75.66315167364155,6.385189979643826],[-75.66327715401371,6.385619543575217],[-75.66327731121902,6.385620083463152],[-75.66320666675045,6.386027892875973],[-75.6631363762184,6.386433668501354],[-75.6631178780953,6.386624654076229],[-75.66307149983686,6.387103522081304],[-75.66288274028904,6.387868873838556],[-75.66288260554165,6.387869420913034],[-75.66299941896102,6.388576288705394],[-75.66299953394548,6.38857698130704],[-75.66297454099771,6.388743903691193],[-75.66287772409248,6.389390507056419],[-75.6628743194749,6.38940816974565],[-75.66282880180313,6.389644251682],[-75.66279172381024,6.389836557781393],[-75.66275569684706,6.390023414695918],[-75.66269599746067,6.390333055237932],[-75.66268947838142,6.390366866953855],[-75.66257575427079,6.390931931074078],[-75.6625434490308,6.391092452956741],[-75.66252372740132,6.391190440367723],[-75.66248099900082,6.391402748371149],[-75.66245430015096,6.391535406288142],[-75.66243788701934,6.391616961702823],[-75.66243517679993,6.391630426561392],[-75.66239118087555,6.391750770362648],[-75.66222136142227,6.392215279684763],[-75.66220759023798,6.39225294787127],[-75.6620161258607,6.392696510260919],[-75.66195122612294,6.392846859613201],[-75.66192241353559,6.392990950397916],[-75.66191778451321,6.39301410000121],[-75.66184515746124,6.393377291854961],[-75.66177164826297,6.39374489623691],[-75.66176322295723,6.393787024562357],[-75.66174679185923,6.393869195323532],[-75.66171578378754,6.394024261733136],[-75.66162767336101,6.394479512112241],[-75.66161511939492,6.394648293112198],[-75.66160345565999,6.394752009982597],[-75.66160042833508,6.394778924428294],[-75.66156171091546,6.39493852374045],[-75.66153451080532,6.39501765729517],[-75.66148923657721,6.395107026262451],[-75.66145782246667,6.395174197841357],[-75.66144546702844,6.395230987582238],[-75.6614325519393,6.395343742409921],[-75.66143250432856,6.395344158330261],[-75.66143820324527,6.395447118818595],[-75.66146049585512,6.395591863577351],[-75.66148402814105,6.395754518062176],[-75.661484064972,6.395754773183967],[-75.66148182816517,6.395841955650042],[-75.66147418080106,6.39597752411089],[-75.66146604026147,6.396031207475062],[-75.6614555811683,6.396100178380891],[-75.6614273650627,6.396256075732765],[-75.66141284378455,6.396315037601767],[-75.66138012801417,6.396398819941851],[-75.66135164960036,6.39646950573291],[-75.66132756035847,6.396540826633441],[-75.66131338762693,6.396614553224197],[-75.66131125143153,6.39667188375131],[-75.66131121190557,6.39667291681468],[-75.66131599274337,6.39671210046032],[-75.66133812365632,6.39680669942328],[-75.66135202689304,6.396886867838077],[-75.66135387922066,6.396906814944884],[-75.66137151136712,6.39694839260261],[-75.66137782113867,6.396959720367363],[-75.66140057368631,6.397000569490842],[-75.66145503499217,6.397105996754931],[-75.66148853139913,6.397175415920458],[-75.6615152203675,6.397239419138828],[-75.66153618796125,6.397303760124032],[-75.66157041110591,6.397411211294013],[-75.66160511754458,6.397536934211473],[-75.66161184952466,6.39757632087651],[-75.66162541679125,6.397686455316432],[-75.66162837584415,6.397743901726301],[-75.66163938111345,6.397823149367184],[-75.661648800855,6.397870923608707],[-75.66166598114853,6.397991635719507],[-75.6616810252466,6.398116904987432],[-75.66168230983845,6.398166812729414],[-75.66168234038122,6.398167993116658],[-75.66167821441582,6.398208832358648],[-75.66167322067719,6.398233968138641],[-75.6616571417191,6.398268085281984],[-75.66163584264672,6.398297550945131],[-75.66160362723832,6.398340608129331],[-75.66158356424882,6.398361363720483],[-75.6615542746556,6.398391665715792],[-75.66147579956646,6.398471534093062],[-75.6613836655826,6.398553433562768],[-75.66132331042547,6.39861589616919],[-75.66128442502077,6.398669042340373],[-75.66126666531346,6.398699918359625],[-75.6612564766134,6.398727617035149],[-75.66125338999962,6.398746148395958],[-75.66125098520769,6.398760569960984],[-75.66124943920585,6.398769848666973],[-75.6612487160615,6.398791048924579],[-75.66124869180692,6.398791759492497],[-75.66125003748431,6.398821549447689],[-75.6612618656111,6.398897255028601],[-75.6613124030726,6.399045709832478],[-75.66134191724478,6.399179997294652],[-75.66135992309069,6.399253695139294],[-75.66136805824038,6.399367240485049],[-75.66137805559913,6.399423639458519],[-75.6613800624371,6.399434963629972],[-75.66143398834657,6.399596997378524],[-75.66144706423427,6.399636312178245],[-75.66150313172909,6.399788101531044],[-75.66154060498104,6.3999035531034],[-75.66159744323102,6.400051915380686],[-75.66160137156686,6.400062172352762],[-75.6616045803516,6.400071690010805],[-75.66162389594223,6.400128883993887],[-75.6616431405659,6.400205558857749],[-75.66165382064486,6.400274969938437],[-75.66165953483289,6.400372245883148],[-75.66166043404723,6.400399737945975],[-75.66166142668641,6.40042979649769],[-75.66166144375444,6.400430313029347],[-75.66166027324869,6.400536935952061],[-75.6616531298398,6.400627214913413],[-75.6616451707601,6.400677734408589],[-75.66163595942783,6.400736205797045],[-75.66161478701798,6.400834447431464],[-75.66159197607982,6.400930658871687],[-75.66155882552448,6.401057024983402],[-75.66153088250695,6.401133579472912],[-75.66149054542365,6.401227844262394],[-75.66145002777876,6.401331270078401],[-75.66144944836492,6.401332747808226],[-75.66138546311288,6.401486238571579],[-75.66134080782456,6.401583619619259],[-75.66130290877084,6.401698629220107],[-75.66129615792607,6.401757958500298],[-75.66129611121363,6.401758372623988],[-75.66129786652311,6.401790469454681],[-75.66130937395104,6.401831351815815],[-75.66133550147191,6.401889586947163],[-75.66138687885893,6.401953142804132],[-75.66145545001416,6.402024448433281],[-75.66149068106932,6.402074075002361],[-75.66155631922283,6.402183177277209],[-75.66161847011358,6.402321504466499],[-75.66164066840031,6.402402083411687],[-75.66165050855375,6.402516961858396],[-75.66165346940329,6.402626154863128],[-75.6616534981494,6.402627232842349],[-75.66164462188902,6.402760681277414],[-75.66164247491378,6.402781121559656],[-75.66164208145136,6.402784537855439],[-75.66164070163796,6.402796513305987],[-75.66163796536745,6.402820277357478],[-75.66163093694303,6.402876569431271],[-75.66160545800636,6.402894162051837],[-75.66158943025226,6.402897549601448],[-75.66156899086832,6.402901869603113],[-75.66156768651348,6.402902146284475],[-75.66164606099125,6.402969805648922],[-75.66169240870693,6.403009932526345],[-75.6619385958,6.403234427084612],[-75.6620741525827,6.403425381218426],[-75.66218113393347,6.403604692278577],[-75.6622441570891,6.403786450351504],[-75.66224680173138,6.403798431191944],[-75.66228410250665,6.403967396346729],[-75.6622870175421,6.404098312428971],[-75.66228704538986,6.404099565579827],[-75.66225694551565,6.404324736570061],[-75.6622244112051,6.404503951510378],[-75.66222431688192,6.404504468042092],[-75.66224166965208,6.404657890533372],[-75.66228670043654,6.404806832224494],[-75.66232488515476,6.404885576808454],[-75.66232881618555,6.404897156101697],[-75.6623643859059,6.405004794121453],[-75.66238228575048,6.405058959881273],[-75.66239877793396,6.40521791689747],[-75.66209206051218,6.405062671722987],[-75.66189938071335,6.404965147843086],[-75.66168380014471,6.404856032991802],[-75.66155499241012,6.404784337493538],[-75.66102576570836,6.404489759914213],[-75.66013754139033,6.40384274781519],[-75.6593226430141,6.403437130293412],[-75.65807279979362,6.402808774421089],[-75.6580106974119,6.402777550753569],[-75.65743996132443,6.402076786120062],[-75.65686921805047,6.401376017893313],[-75.65629848196306,6.400675245174966],[-75.65544805608732,6.40025931408718],[-75.65459762122845,6.399843384796043],[-75.65360733563637,6.399569875421832],[-75.6524721687415,6.398874137764665],[-75.65091367492317,6.398182157763358],[-75.65020309888234,6.397623801368695],[-75.64949252104486,6.3970654350926],[-75.64878194500403,6.396507059833311],[-75.64807136806485,6.395948697150459],[-75.64768479394394,6.395711752830721],[-75.64776238868342,6.395646280865662],[-75.64773122430472,6.395607505055523],[-75.64766714742444,6.395527774120637],[-75.64757033680746,6.395407316233275],[-75.64759234824436,6.395373482059426],[-75.64750811584804,6.395298767321094],[-75.64742673829988,6.395210249957358],[-75.64738676233958,6.395190264223004],[-75.64737534204829,6.395190264223004],[-75.6473382209362,6.395205967685001],[-75.64716261722623,6.395290200979673],[-75.64705765259487,6.395327357126064],[-75.64700128955405,6.395347307826114],[-75.64691848368352,6.39536872188296],[-75.64687422814575,6.395385854565689],[-75.64684034905616,6.395351110397769],[-75.64667916780951,6.395233093234935],[-75.6463952990552,6.395025245370448],[-75.64628590931926,6.394951841275144],[-75.6462727274303,6.394942995557471],[-75.64619248625189,6.394889152293104],[-75.64617171988095,6.394875217615265],[-75.64625685059332,6.394816211728823],[-75.6468924774353,6.394375655104511],[-75.64720211887567,6.39413084782484],[-75.64735836477416,6.394007318595072],[-75.64740614081234,6.393969546203891],[-75.64773196182216,6.393733136382139],[-75.64774032873737,6.393692067171287],[-75.64768134081726,6.393638615572627],[-75.64760138979494,6.393608159965311],[-75.64755951120134,6.393589123750928],[-75.64749288669685,6.393598642307268],[-75.64743958691366,6.393629097914641],[-75.64709123344358,6.393891790665862],[-75.6466400892669,6.394223013249814],[-75.64661658932033,6.394209028266289],[-75.64655442675144,6.394166537021192],[-75.64646438584384,6.394104989798791],[-75.64638161770256,6.394048413857092],[-75.6463103228532,6.394104989798791],[-75.64587600233858,6.394449652088383],[-75.64573514818642,6.394561427751626],[-75.64551633188353,6.39438948108608],[-75.64537521811803,6.39427859116239],[-75.64452480302214,6.393862634921788],[-75.6436743771464,6.39344667059629],[-75.64253922911615,6.392750890718276],[-75.64168880234212,6.392334914714695],[-75.64083838724616,6.391918951287494],[-75.64015011459497,6.391378070732344],[-75.64012782827336,6.39136055716358],[-75.6397123256823,6.391034039060571],[-75.63941726121567,6.390802168429559],[-75.63884656106086,6.390101346303879],[-75.63827585192291,6.389400524178143],[-75.6377051526664,6.38869970295076],[-75.637079170145,6.388207761752938],[-75.63699460088009,6.388141301640303],[-75.63628404190729,6.3875829012282],[-75.63543363669282,6.387166918038076],[-75.63443961500445,6.386469840991765],[-75.63358920619675,6.386053848818449],[-75.63273754064494,6.385496688082412],[-75.63160491778098,6.385083185142776],[-75.63018882321836,6.384531016348717],[-75.62919855559261,6.384257435109248],[-75.62848800470465,6.383699007747623],[-75.62735663229654,6.383426666184221],[-75.6260841416314,6.383155563398589],[-75.62509512356314,6.383023132755568],[-75.62488797458849,6.3830249662185],[-75.62466868487314,6.383026905682755],[-75.62410735325591,6.383031871573621],[-75.62360952629166,6.383036275118627],[-75.62327860823683,6.383039200933865],[-75.62325897015074,6.383039375207147],[-75.62297846828483,6.383041854559337],[-75.62276218613135,6.383043767074071],[-75.62276294431007,6.383050898804811],[-75.62277848787181,6.383197202141844],[-75.62277785366075,6.383222920928915],[-75.62266126032875,6.383190798047053],[-75.62265577341464,6.383213406864172],[-75.62264379077754,6.383247681212822],[-75.62252787657246,6.383579248750095],[-75.62234644279164,6.383418636137492],[-75.62212023694133,6.383536089157872],[-75.62203711306694,6.383579248750095],[-75.62204660467376,6.383608780888608],[-75.62206388198541,6.383662530728145],[-75.62208172793106,6.383775555050647],[-75.62208767568131,6.383876682075993],[-75.62204008559456,6.383870733427443],[-75.62159988739836,6.383835040637848],[-75.62130542839674,6.383784478023472],[-75.62129650362726,6.383835040637848],[-75.62125029065896,6.383829906761889],[-75.62124460342034,6.383829275245773],[-75.62124368893467,6.38382917283775],[-75.62124296758691,6.383829092887595],[-75.62123570919363,6.383827069879999],[-75.6212333924367,6.383826999811333],[-75.62122376787903,6.383826708756942],[-75.62122778694481,6.383847305346194],[-75.62122984139353,6.383857830914735],[-75.6212301827536,6.383859584427569],[-75.62123038038311,6.383860595931424],[-75.62123328643537,6.383875488214073],[-75.62124280409341,6.383913559744428],[-75.6212523217514,6.383934974699571],[-75.62125945977039,6.38395163127484],[-75.62127611634565,6.383971855961249],[-75.62130347994929,6.383996840824182],[-75.62134512138749,6.384034912354593],[-75.62139746895576,6.384089639561921],[-75.6214343511158,6.384132470370503],[-75.62146290408981,6.384171731271294],[-75.62148312967457,6.384212182440763],[-75.62148907832312,6.384234786766285],[-75.6214902676935,6.38428594496412],[-75.6214902676935,6.384325205864911],[-75.62148669778571,6.38435138099652],[-75.62145933508037,6.384428713427724],[-75.62140698661375,6.384550066037832],[-75.62134631075787,6.384680936305983],[-75.62131894715418,6.384734474142931],[-75.62127968625344,6.384783252701766],[-75.6212166289618,6.384811805675781],[-75.62117260968114,6.384826082611994],[-75.62100485815131,6.384802288017795],[-75.62090409224896,6.384792282574153],[-75.62087729009278,6.384789621762195],[-75.62080000886561,6.384888033178299],[-75.62045841432519,6.385323025633284],[-75.62018492291725,6.386313713670972],[-75.62004967156201,6.386590409371991],[-75.61976906638972,6.387164472821894],[-75.61935321615033,6.388015241854362],[-75.61879624316236,6.388867246969596],[-75.61838038843143,6.389718015103711],[-75.61782217486905,6.390428860639361],[-75.61740631384987,6.391279628773475],[-75.6169904510341,6.392130396009293],[-75.61671695872792,6.393121086741871],[-75.61672569125773,6.394109275664391],[-75.61653998867928,6.394489187873887],[-75.61639429979039,6.394787241936115],[-75.61630983383185,6.394960044696859],[-75.61604616191619,6.395499469081813],[-75.6164091013431,6.395468521197301],[-75.6164661938165,6.395463652324565],[-75.61636169990277,6.396065558180567],[-75.61633870121653,6.396270004122357],[-75.6163295779192,6.396351093311068],[-75.61628208305399,6.396496746267303],[-75.61624015325634,6.396625331219525],[-75.61622250224531,6.396679459250095],[-75.61614083723606,6.396879622021231],[-75.61613148756311,6.396902532672527],[-75.61601846324061,6.397101813297297],[-75.61589947859147,6.397257407018401],[-75.61586379927661,6.397304067348102],[-75.6157003578669,6.397476391306384],[-75.61568867077574,6.397488712608606],[-75.61558016677941,6.397629578438909],[-75.61542705959698,6.397829423206133],[-75.61539932768375,6.397865619951062],[-75.61528892105406,6.39801029104791],[-75.61523752390411,6.398130216233881],[-75.61520135590536,6.398263466141145],[-75.61517846681369,6.398380884127164],[-75.61520993033156,6.398391451916609],[-75.61521633981624,6.398393605180047],[-75.6157468115839,6.398572691661172],[-75.6158610153953,6.39861124558729],[-75.6161650881748,6.39887493367263],[-75.61616558584183,6.398875365762649],[-75.6164320856563,6.399134726659838],[-75.61653927631465,6.399215118755308],[-75.61686038925035,6.399455954579992],[-75.61703646906784,6.399712935838068],[-75.6171844486625,6.399637842010407],[-75.61735531555223,6.399551132956788],[-75.617738409597,6.39926321818723],[-75.61778164734267,6.399203482868188],[-75.6179192486926,6.399013374948026],[-75.61831860135862,6.399378056209684],[-75.61847256912779,6.399518658833415],[-75.61865926075217,6.399689142142222],[-75.61893527912292,6.39998181618995],[-75.61879106616726,6.400211819221965],[-75.61869089584837,6.400371581129264],[-75.61836765659876,6.400887111206941],[-75.61828330742128,6.401021640316173],[-75.61816548070146,6.401155934964891],[-75.61807764875289,6.401256045994899],[-75.61785098386315,6.40151439538829],[-75.61784072599272,6.401526086072693],[-75.61782602235644,6.401535462695108],[-75.6177553518367,6.401474072677956],[-75.61768468131703,6.401417679094436],[-75.61762186387574,6.401376990769563],[-75.61751121829406,6.401329876790271],[-75.61742270272697,6.401316314015332],[-75.61737130557702,6.401312745005839],[-75.61729064308844,6.401316314015332],[-75.61723815268795,6.401320121976823],[-75.61715287195682,6.401326307780835],[-75.617160081841,6.401358244711275],[-75.61704607925242,6.401448821015208],[-75.61702969127361,6.401461841207322],[-75.61697988144806,6.401455066108042],[-75.61691444631396,6.401441979440563],[-75.61687161640373,6.401436030792013],[-75.61684901117991,6.401434841421633],[-75.6168109387512,6.401434841421633],[-75.61675621244217,6.401436030792013],[-75.61668958703939,6.401446737820436],[-75.61661344397857,6.401461014756592],[-75.61650993821246,6.40149432790713],[-75.61627881318373,6.401562637652432],[-75.6160872661614,6.401613795850324],[-75.6160456247232,6.4016268834161],[-75.61602420976806,6.401643539991369],[-75.61599327715493,6.401686369901654],[-75.61596710292162,6.401760133323364],[-75.61593141103032,6.401875537284923],[-75.61587914700544,6.402055436741989],[-75.61591519013831,6.402147117076368],[-75.61616627844347,6.402690370982384],[-75.6161738997564,6.402706864064157],[-75.61619578183587,6.402971562755056],[-75.61619391603352,6.403343636259081],[-75.6161896912534,6.404186316854236],[-75.6161373194306,6.405143866014669],[-75.61603746531898,6.405517880779541],[-75.61587874994979,6.405921654956956],[-75.61544283312764,6.406683635334218],[-75.61529105365628,6.406944791066792],[-75.61430160259977,6.40864587907538],[-75.61392979140396,6.409207063368797],[-75.61328769399182,6.410191088596662],[-75.61236275999039,6.411656519572318],[-75.61203864039106,6.412046970825088],[-75.61184964278954,6.412197708249892],[-75.61133305719056,6.41236831822124],[-75.6107202287103,6.412500963561797],[-75.60909035200774,6.412930213082575],[-75.60886249325597,6.412991578845208],[-75.60776517510914,6.413273924953899],[-75.60719386499778,6.413417880092879],[-75.60595853586892,6.41372585964865],[-75.60457964236849,6.41405154501274],[-75.60380078532847,6.414234243622502],[-75.60343432360452,6.414356800874373],[-75.60287502307972,6.41454495495725],[-75.60265321358798,6.41464866194616],[-75.60238094209319,6.414771203028351],[-75.60181988086907,6.415079450282292],[-75.60128839220772,6.415588748741868],[-75.60112015379059,6.415877058770491],[-75.60086012274962,6.4163226747105],[-75.60053660322541,6.416989106604774],[-75.6001025998163,6.417887118973965],[-75.59962466785652,6.418866524162638],[-75.59947720928511,6.41910821518411],[-75.59924431367557,6.419485883400228],[-75.59911189201574,6.419664344653427],[-75.5989554368096,6.419873725045022],[-75.598825298669,6.420047888754482],[-75.5986578911942,6.420271926968212],[-75.59838875661887,6.42071409606973],[-75.59819717366389,6.421387510574277],[-75.59803239555998,6.42209138427944],[-75.5978275804103,6.42252738195009],[-75.5975212816038,6.422801547094934],[-75.59705956604444,6.42328429402852],[-75.59679746528343,6.423738529310526],[-75.59647817592924,6.424574392585612],[-75.59639929300465,6.424805708057249],[-75.59610789097235,6.425280654913024],[-75.59543788198374,6.425976992645246],[-75.59531063282742,6.426126260425065],[-75.59503736240526,6.426446814608198],[-75.5946873748984,6.426857361189889],[-75.59442626138667,6.42739159869825],[-75.59427156418496,6.427923120597313],[-75.5942237818586,6.428632398571551],[-75.59422482390517,6.42906582616007],[-75.59423873073513,6.429979613856574],[-75.59423964701745,6.430039776774038],[-75.59414009474,6.430433274216341],[-75.59384676761653,6.4308244647832],[-75.59359812362919,6.431022482375681],[-75.59338252868753,6.431191776314108],[-75.59245883436222,6.431822845100726],[-75.5921617873122,6.432112773894801],[-75.59206087318768,6.432211268854303],[-75.59194005777056,6.432329188100653],[-75.59162224884113,6.43290985956304],[-75.59151779624989,6.433595228856916],[-75.59146575680398,6.433865862721632],[-75.59146204855557,6.433884730052569],[-75.59132959904787,6.434558714987816],[-75.59121733559903,6.434960299969077],[-75.59119183420444,6.434997716627095],[-75.59054862108383,6.434333095737884],[-75.59013407609763,6.433944946869019],[-75.58999505900164,6.433814782677246],[-75.58989901285156,6.433724854059108],[-75.58935105087136,6.433171212925174],[-75.58874391501962,6.4327052492294],[-75.58840522383645,6.432400605120961],[-75.58815238291675,6.432124731379076],[-75.58806858081374,6.432004404645795],[-75.58786102400364,6.431706393702711],[-75.58761876704307,6.431215968862318],[-75.587439677867,6.430762625608054],[-75.58723975584456,6.430210747868387],[-75.58711220485407,6.429931174861224],[-75.58681759313868,6.429374403994302],[-75.58666324538189,6.429117667976413],[-75.58658092460195,6.428981158080433],[-75.58613685286713,6.428494166603798],[-75.58583364965756,6.428161660326282],[-75.58509751023831,6.427124311958949],[-75.58443212667879,6.42652918030393],[-75.58391384326256,6.425933137756431],[-75.58282972137778,6.425153696811037],[-75.5820347647184,6.425101650178647],[-75.58156935887695,6.425071179299891],[-75.58067660165636,6.42536596169532],[-75.58046632025378,6.425379366366656],[-75.57961968976315,6.425433335395326],[-75.57879566719134,6.425293456814302],[-75.57766784762299,6.424583716207337],[-75.57686575114809,6.423849972596884],[-75.57569759180149,6.423041517841284],[-75.57510066081949,6.422440855254649],[-75.57446174883586,6.422150981257857],[-75.5735902960775,6.421755602741825],[-75.57237999762566,6.42144913415359],[-75.57140387937523,6.421446253254146],[-75.57065176071097,6.421444030820396],[-75.57018108265288,6.421442641125509],[-75.57001825030142,6.421537013712907],[-75.56927263544503,6.421969150421376],[-75.5688603757747,6.422107320405303],[-75.56879532422158,6.422129123432967],[-75.56863463435383,6.422148175816972],[-75.56826273063149,6.422148130901178],[-75.56825235777666,6.422149130726893],[-75.56806466183497,6.422167220116194],[-75.56802574588755,6.422141017136767],[-75.5676019302802,6.421855649093061],[-75.56648962822248,6.420961477024775],[-75.56628310178081,6.420310438673482],[-75.56592642900625,6.419710940304356],[-75.56571814276356,6.418859041190387],[-75.56514439102932,6.416403323724353],[-75.56501802401931,6.41344148963401],[-75.56495241910346,6.411684385334638],[-75.56494098623574,6.410378782741702],[-75.56517965711885,6.408970550240724],[-75.56531266178581,6.406960611309898],[-75.56529507275854,6.404951986615345],[-75.56513350433772,6.403697922207982],[-75.56484891423565,6.402853504269672],[-75.56476914018157,6.402616803393585],[-75.56470499862257,6.402426490657376],[-75.56311424268341,6.399872917832852],[-75.56248026514959,6.398855219229688],[-75.56089765064837,6.396524735997218],[-75.56071838270742,6.396260755060837],[-75.55884415596796,6.39350085611909],[-75.55863756125427,6.39296400361286],[-75.55748346504464,6.389965008884531],[-75.55680154618256,6.388192991641233],[-75.55639579481164,6.387138621084034],[-75.55517860717441,6.384755369871414],[-75.55437063391622,6.38356548115911],[-75.55413696485658,6.38351367437707],[-75.55271750520228,6.383198964637813],[-75.55177334364521,6.382989636348555],[-75.54898533190425,6.383412867152174],[-75.54780458894709,6.385218543397627],[-75.54602911318722,6.38742838099472],[-75.54244346780519,6.387858538712976],[-75.54012338078377,6.387878698720669],[-75.53932455777237,6.387885640008392],[-75.53925313626047,6.387886260744722],[-75.53610890898784,6.387121460553487],[-75.53573554460371,6.387095845072793],[-75.53546920289284,6.387418875913113],[-75.5354125038819,6.387487642002895],[-75.5350210294472,6.387374915023031],[-75.53475822979635,6.387496611688164],[-75.53459499679599,6.387618025383802],[-75.53449575264091,6.38773214295685],[-75.5344610363208,6.387801491155415],[-75.53443556457063,6.387852370875351],[-75.5341555927111,6.387828223242934],[-75.5338490100367,6.387801778616506],[-75.53366147669027,6.387785604436942],[-75.53360133623067,6.387801829820546],[-75.53342728301408,6.387848791086071],[-75.53325566333558,6.387937851930928],[-75.53310437164981,6.388140848889066],[-75.53310000313905,6.388146710400918],[-75.53282383295289,6.388547484202888],[-75.53273239426557,6.388652362595849],[-75.53254906324133,6.388662972606141],[-75.53246949041005,6.388667575577301]]]]}}]}
